word	freq
छ	13967
र	12833
गरेको	5514
लागि	5379
भएको	4854
छन्	4844
थियो	4806
एक	4319
गर्न	3787
पनि	3512
भने	3447
गर्ने	2966
को	2899
थिए	2813
मा	2792
नेपाल	2622
हजार	2584
गरिएको	2575
हो	2481
गरेका	2434
उनले	2416
यो	2310
गर्दै	1775
अनुसार	1750
नेपाली	1710
तथा	1664
आफ्नो	1623
रु	1612
रहेको	1597
सरकारले	1488
हुने	1471
दुई	1465
लाख	1423
आज	1421
मूल्य	1310
१	1282
का	1281
ले	1265
सन्	1182
तर	1165
प्रतितोला	1155
प्राप्त	1138
कि	1118
करोड	1082
नेपालले	1069
पहिलो	1066
जारी	1048
यस	1028
जानकारी	1025
भएका	1011
राष्ट्रिय	1005
कारण	956
कुनै	949
१०	947
जनाएको	941
गरे	928
केही	918
नयाँ	911
बताए	898
निर्णय	875
२	874
तीन	867
गरी	866
वर्ष	860
अध्यक्ष	856
गत	846
रुपैयाँ	834
रूपमा	829
प्रमुख	807
आर्थिक	806
दिन	777
दिएको	771
सबै	762
नेकपा	756
दिए	751
मात्र	750
प्रधानमन्त्री	746
छैन	738
काम	728
काठमाण्डाै	718
सुरु	710
अन्तर्राष्ट्रिय	706
बैठक	706
बढी	703
हुन्	701
विभिन्न	697
उनको	690
पार्टी	683
केन्द्रीय	680
हुनेछ	676
अन्य	672
क्रिकेट	668
आगामी	660
खेलमा	653
३	651
सुनको	650
धेरै	644
६	641
२०	632
भइरहेको	629
आयोजना	627
पराजित	627
१५	621
मत	620
खेल	614
हामी	613
सार्वजनिक	608
सय	600
घोषणा	599
बैठकमा	599
हुन	598
वा	597
बताएका	587
अर्ब	585
उनी	585
५	584
देखि	583
१९	580
छलफल	579
वटा	575
आएको	569
११	569
चार	568
छापावाला	555
रुपमा	552
जुन	539
गते	532
दोस्रो	532
वर्षको	532
पाँच	527
उक्त	520
विकास	520
४	519
माग	518
पटक	517
उच्च	510
यसअघि	510
शुक्रबार	508
निर्वाचन	506
यस्तै	503
प्रदेश	501
जना	500
बिहीबार	490
महिला	488
भारतीय	482
साथ	479
विषयमा	476
रहेका	470
प्रतिशत	469
नेपालको	466
स्थानीय	466
थप	464
निर्माण	463
एमाले	458
योजना	457
नै	452
प्रहरी	451
आवश्यक	450
जसले	448
के	444
कारोबार	443
कारोवार	443
यी	443
सेवा	440
बारेमा	438
बिहान	438
रन	435
सञ्चालन	435
क्रममा	432
बुधबार	431
भन्ने	431
सुन	430
उल्लेख	427
म	427
प्रयोग	426
२८	426
वृद्धि	424
लाई	421
हामीले	419
१२	417
विकेट	414
प्रदान	412
सोमबार	412
२५	412
केन्द्र	410
दिने	409
आइतबार	406
कार्यक्रम	403
थिइन्	402
गर्नेछ	400
नेपालका	396
प्रहरीले	394
बैठकले	394
यही	394
५०	393
उनलाई	392
रकम	392
कुरा	388
संयुक्त	387
दर्ता	386
अन्तिम	384
गर्नुभएको	384
पक्राउ	380
समय	378
बजे	377
सबैभन्दा	377
औं	372
काठमाडौँ	370
स्थानमा	366
आरोप	365
क्षेत्रमा	364
मंगलबार	364
मन्त्री	364
अर्को	363
डा	361
भए	360
करिब	357
सम्पन्न	357
सहयोग	355
पहिले	354
विशेष	351
सो	350
राज्य	348
व्यक्त	348
सरकारी	348
अदालतले	347
उपलब्ध	347
यसको	347
त्यस्तै	345
सदस्य	345
उडान	344
हाम्रो	344
दिएका	343
प्रस्तुत	343
फुटबल	343
पूरा	342
१३	341
छौं	340
७	339
प्रस्ताव	337
बजेट	334
बजारमा	333
८	333
कम	331
अन्तर्गत	330
ठूलो	328
लागेको	328
निर्देशन	327
नियुक्त	326
नेता	326
व्यवस्था	326
गरिरहेको	324
१४	324
दाहाल	323
उनीहरूले	322
पार्टीका	322
भन्दै	320
मुख्य	320
सूचना	319
९	319
अहिले	318
भन्दा	318
सरकारको	318
अनुसन्धान	317
यसले	317
भारत	314
शुरु	314
३०	313
दक्षिण	312
भएपछि	310
पुगेको	309
काठमाडौं	308
सम्म	308
अब	307
गर्दा	307
पछि	306
स्वास्थ्य	306
शनिबार	305
राष्ट्र	304
टोली	303
राष्ट्रपति	303
कम्पनीले	302
५००	302
अधिकारीले	299
गोल	299
नागरिक	299
लिग	298
२०२३	298
आग्रह	297
जिल्ला	295
सम्बन्धित	295
साथै	295
बन्द	294
बैंकले	294
माओवादी	294
पछिल्लो	292
राजनीतिक	291
सामाजिक	291
कायम	290
मुद्दा	290
१६	290
पूर्व	289
पेश	289
गरिरहेका	288
प्रवक्ता	288
तयारी	287
गर्दछ	286
यस्तो	286
विधेयक	286
तेस्रो	284
बाँकी	283
लक्ष्य	281
अफ	280
सहभागी	280
विभागले	279
समाजवादी	279
समितिको	277
गरेर	274
अनुमति	273
दिइएको	272
भनेको	272
मेरो	272
जब	271
जनवरी	270
१८	270
विद्युत्	269
नेपालमा	268
मलाई	268
सम्बोधन	268
भनिएको	267
मन्त्रालयले	267
उनका	266
कार्यालय	266
कोभिड	263
उनीहरूको	262
गरेपछि	262
निगमले	262
बैंक	262
मुख्यमन्त्री	262
सात	261
तयार	260
दायर	260
आफ्ना	258
ती	257
१००	257
खर्च	256
बनाएको	255
रुपैयाँमा	255
भारु	254
दाबी	253
बसेको	253
उम्मेदवार	252
त्यसपछि	252
समयमा	252
०	251
अमेरिकी	250
वरिष्ठ	250
सचिव	250
१७	250
लिएका	249
विजयी	249
२०२२	249
आधारमा	248
भाग	248
सरकार	248
उनीहरूलाई	247
यसलाई	247
विश्वकप	247
सुरक्षा	247
टी	245
पुष्पकमल	245
समावेश	245
मैले	244
लिन	243
दिल्ली	242
समस्या	242
आएका	241
काँग्रेसका	241
गरिने	240
पदक	240
लागू	240
दुवै	239
गरेकी	238
भनेर	238
विभागका	238
सर्वोच्च	238
गठन	237
प्रवेश	237
राम्रो	237
कर	236
पार्टीको	236
पौडेलले	236
समेत	236
बनाउन	235
खर्ब	234
गर्नेछन्	234
प्रचण्ड	234
२७	234
यदि	233
गरिनेछ	232
प्रयास	232
कांग्रेस	231
पर्यटन	231
कार्यक्रममा	230
नाम	230
टोलीले	229
पुरुष	229
हुन्छ	228
व्यवसायी	227
आयोजित	226
छिन्	226
स्थान	226
टस	225
सांसद	225
न्यायाधीश	224
हालै	224
आयात	221
भएकाले	221
वर्षीय	221
जसमा	220
फेब्रुअरी	219
संघ	219
सिंह	218
२४	218
२९	218
आदेश	217
ओभरमा	217
निजी	216
प्रदर्शन	216
गर्नु	215
टोलीका	215
वित्तीय	215
३१	215
दिउँसो	214
बस्ने	214
अधिकारी	213
कम्पनी	213
समूह	213
अर्थ	212
लामो	211
फिर्ता	210
गर्नुपर्ने	208
खेलको	207
तय	207
लगानी	207
स्थापना	207
आजको	206
महत्वपूर्ण	206
पुलिस	205
लिए	205
सम्झौता	205
पारित	204
२३	204
ए	203
कार्यकारी	202
आठ	201
अग्रता	200
छनोट	200
पु	200
समिति	200
एउटा	198
विदेशी	198
अवसरमा	197
कृषि	197
परिवर्तन	197
बिक्री	197
उत्पादन	196
की	196
निर्देशक	196
प्रतियोगितामा	196
हाल	196
राजीनामा	195
अघि	194
एवं	194
४०	194
आइसिसी	193
औँ	193
यसैबीच	193
२२	193
निर्वाचनमा	192
घटेको	191
नेपाललाई	191
सक्छ	191
सक्ने	191
कुल	190
पुनः	189
स्वतन्त्र	189
२१	189
छु	188
जहाँ	188
विरोध	188
प्रतिवेदन	187
यद्यपि	187
समितिले	187
स्पष्ट	187
आयोगले	186
त्यसैले	186
सहभागिता	186
तेजाबी	185
प्रतिद्वन्द्वी	185
भ्रमण	185
रासस	185
बढेको	184
एकीकृत	183
ब्याटिङ	183
अधिकारीहरूले	181
अपेक्षा	181
जनता	181
अदालतमा	180
भनाइ	180
शीर्ष	179
बाट	178
शर्माले	178
सरकारलाई	178
होइन	178
द	177
मिनेटमा	177
मृत्यु	177
अझै	176
जित	176
जितेको	176
प्रत्येक	176
प्राधिकरणले	176
बजार	176
शर्मा	176
साँझ	176
अवधिमा	174
छैनन्	174
वार्षिक	174
संसदीय	174
सोही	174
वर्षमा	173
वाणिज्य	173
श्रेष्ठले	173
६०	173
क्षेत्र	172
दल	172
दैनिक	172
महिना	172
खेलाडी	171
बनाउने	171
विश्वास	171
सामना	171
चालू	170
वितरण	170
सवारी	170
जस्ता	169
प्रतिनिधिसभाको	169
मन्त्रालयका	169
महिनामा	169
रनको	169
लिएको	169
सडक	169
खरिद	167
परेको	167
भन्छन्	167
भाजपा	167
भारतको	167
राति	167
हरू	167
छानबिन	166
मन्त्रिपरिषद्को	166
सुधार	166
आम	165
कप्तान	165
परेका	165
उद्योग	164
भनिन्	164
व्यवस्थापन	164
सत्तारुढ	164
सुनचाँदी	164
तुलनामा	163
निकटतम	163
निर्वाचित	163
प्रक्रिया	163
प्रतिस्पर्धा	162
हुनेछन्	162
अघिल्लो	161
प्रभावित	161
विश्व	161
टोलीको	160
नभएको	159
शिक्षा	159
स्वर्ण	159
हुनुभएको	159
२००	159
जितेर	158
दाहालले	158
यात्रा	158
विधायक	158
आन्तरिक	157
शेयर	157
उत्कृष्ट	156
अध्ययन	155
दिँदै	155
नीति	155
प्रतियोगिता	155
लगभग	155
उद्घाटन	154
एण्ड	154
चिनियाँ	154
वायुसेवा	154
त्यहाँ	153
पञ्जाब	153
प्रतिशतले	153
फाइनलमा	152
लिने	152
चुनाव	151
यहाँ	151
आयल	150
उहाँका	150
नौ	150
पत्र	150
यातायात	150
विनियोजन	150
सुनिश्चित	150
सुनुवाइ	150
आवेदन	149
उपाधि	149
पारेको	149
सम्भावना	149
सिंहले	149
सिर्जना	149
बताइएको	148
हस्ताक्षर	148
२६	148
अवस्था	147
पश्चिम	147
पूर्वाधार	147
भन्सार	147
महासचिव	147
मैदानमा	147
अधिकृत	146
अनुमान	146
खेलकुद	146
चरणमा	146
चाँदीको	146
थिएन	146
भेटवार्ता	146
रुपैयाँले	146
सन्दीप	146
हरेक	146
हामीलाई	146
ऋण	145
कप	145
क्षेत्रको	145
खुला	145
विस्तार	145
कार्यालयले	144
तत्काल	144
त्रिभुवन	144
रहने	144
विगत	144
शुल्क	144
पेट्रोलियम	143
पैसा	143
में	143
आफू	142
दिनुभयो	142
लोकसभा	142
२०२४	142
आपूर्ति	141
एसियाली	141
भयो	141
संख्या	141
निर्धारण	140
बनाए	140
लामिछानेले	140
साग	140
अवस्थामा	139
उपस्थित	139
मुलुकको	139
अहिलेसम्म	138
किलोमिटर	138
जाने	138
जिम्मेवारी	138
थाहा	138
बलमा	138
बाहिर	138
सभापति	138
७८	138
पत्रकार	137
पार्टीले	137
लगाएको	137
संशोधन	137
सहमति	137
ओलीले	136
कार्यालयमा	136
पूर्ण	136
बैंकका	136
सफल	136
२०१९	136
कसरी	135
प्रशिक्षण	135
रङ्गशालामा	135
श्रेष्ठ	135
अगाडि	134
क्यान	134
प्रिमियर	134
युएई	134
गर्छन्	133
विज्ञप्तिमा	133
व्यापार	133
संलग्न	133
२०७७	133
तहको	132
श्रम	132
आउने	131
भनेका	131
विस्तृत	131
सकिन्छ	131
सरकारका	131
सिफारिस	131
स्थगन	131
७०	131
इन्डियन	130
कार्यान्वयन	130
घर	130
जवाफ	130
त्यो	130
धारा	130
विमानस्थलमा	130
२०२१	130
एकदिवसीय	129
खेल्नेछ	129
देशका	129
ने	129
योगदान	129
है	129
अधिकार	128
और	128
नगरपालिका	128
युवा	128
सङ्घीय	128
स्वागत	128
हासिल	128
३००	128
अर्थमन्त्री	127
प्रदेशका	127
सीमा	127
असार	126
कोरोना	126
राख्न	126
हुँदै	126
उपाध्यक्ष	125
दिनको	125
राजदूत	125
साता	125
अदालत	124
कम्पनीलाई	124
डिसेम्बर	124
परीक्षण	124
सभामुख	124
अतिरिक्त	123
अधिकांश	123
आफूले	123
कोशी	123
पानी	123
पोखरा	123
प्रशिक्षक	123
राखिएको	123
सुझाव	123
२०७६	123
३५	123
अस्पतालमा	122
आदमी	122
भुक्तानी	122
सकेको	122
ऊर्जा	121
बराबरको	121
बैंकको	121
व्यक्तिगत	121
निधन	120
बनेको	120
समाधान	120
समान	120
स्थगित	120
आयोजनाको	119
उत्तर	119
प्रतिनिधिसभा	119
भूमिका	119
शेरबहादुर	119
संघीय	119
सञ्चालनमा	119
अपराह्न	118
गोलअन्तरले	118
नियमित	118
प्रतिबन्ध	118
राजस्व	118
विवरण	118
सम्बन्ध	118
जनालाई	117
नेतृत्व	117
प्रतिलिटर	117
प्रस्थान	117
प्रारम्भिक	117
भारतले	117
८०	117
अक्टोबर	116
उजुरी	116
डलर	116
तर्फबाट	116
नम्बर	116
नोभेम्बर	116
प्रतिबद्धता	116
स्थायी	116
२०२०	116
उनीहरू	115
उहाँले	115
किनकि	115
किनभने	115
जोड	115
नगर	115
परियोजना	115
पुष्टि	115
प्राविधिक	115
बताउनुभएको	115
बेला	115
भदौ	115
भारतका	115
भारुको	115
विमानस्थल	115
सामान्य	115
अंक	114
अदालतको	114
एन्फा	114
क्षेत्रका	114
दलका	114
ध्यान	114
निकै	114
यू	114
रोजगार	114
स्रोतका	114
हवाई	114
आफ्नै	113
एसिया	113
कारबाही	113
ट्वान्टी	113
पत्ता	113
पद	113
बताएको	113
रामचन्द्र	113
सम्पत्ति	113
७७	113
जेठ	112
पुरस्कार	112
शाहले	112
सहित	112
४००	112
गएको	111
प्रदेशसभा	111
मार्च	111
राज्यको	111
विभाग	111
होटल	111
असर	110
निगम	110
नियन्त्रण	110
पर्ने	110
फेला	110
मध्ये	110
महासंघका	110
यस्ता	110
राखेको	110
वर्तमान	110
खेलाडीले	109
निर्धारित	109
भण्डारीले	109
भ्रमणका	109
वडा	109
सामेल	109
उद्देश्यले	108
ऐन	108
कदम	108
कम्पनीका	108
काठमाडौँमा	108
जिल्लामा	108
तपाईं	108
देखिएको	108
प्रतियोगिताको	108
प्रदेशको	108
बढाउन	108
मतदान	108
यसका	108
लिएर	108
४५	108
कुशल	107
जो	107
निर्यात	107
निवेदन	107
प्रश्न	106
फिल्म	106
रेकर्ड	106
सुरक्षित	106
२०१८	106
३२	106
अभियान	105
अस्वीकार	105
आरोपमा	105
औपचारिक	105
गरिसकेको	105
संसद्	105
साफ	105
से	105
स्वीकृत	105
पर्याप्त	104
बी	104
अखिल	103
उपचार	103
कानून	103
खेलकूद	103
गतेदेखि	103
गुजरात	103
देशको	103
नियम	103
भवन	103
मोबाइल	103
लगाइएको	103
वर्षीया	103
सदस्यीय	103
समीक्षा	103
सम्मेलनमा	103
आफूलाई	102
आह्वान	102
उड्डयन	102
कार्य	102
केन्द्रित	102
चाँडै	102
जितेका	102
पाउने	102
फोन	102
विकेटले	102
वैदेशिक	102
सम्बन्धमा	102
खाना	101
बक्यौता	101
बजेटमा	101
मेट्रो	101
असोज	100
केपी	100
घरमा	100
डिग्री	100
ध्यानमा	100
नं	100
चीन	99
जान	99
द्वारा	99
प्रणाली	99
प्रतिनिधित्व	99
भर्ना	99
लगाएका	99
स्वदेश	99
कडा	98
निगमका	98
मतगणना	98
मेडिकल	98
लगातार	98
सहज	98
सेप्टेम्बर	98
हात	98
हालसम्म	98
कार्कीले	97
खेल्ने	97
गरिन्	97
जग्गा	97
जवाफमा	97
टोलीलाई	97
न्यूनतम	97
परराष्ट्र	97
पहिचान	97
प्रदेशमा	97
बजेदेखि	97
महिनाको	97
रद्द	97
समर्थन	97
समितिका	97
सम्पर्क	97
सुरुमा	97
ः३०	96
गराउने	96
ट्राफिक	96
नेतृत्वमा	96
प्रहरीका	96
फरक	96
मन्त्रालय	96
रेल	96
सम्मान	96
अरब	95
आयोगका	95
कार्यालयका	95
दिनमा	95
परिषद्	95
विचार	95
संस्कृति	95
सेमिफाइनलमा	95
हिरासतमा	95
९०	95
अनुरोध	94
थापाले	94
राज्यका	94
विद्यार्थी	94
सुविधा	94
हुँदा	94
गरिएका	93
निरन्तर	93
पुगेका	93
बताउनुभयो	93
भेटमा	93
मद्दत	93
रिपोर्ट	93
विजेता	93
व्यावसायिक	93
सम्पूर्ण	93
७५	93
खेल्न	92
गर्नुभयो	92
घटेर	92
चौथो	92
डिजेल	92
नक्कली	92
निर्माणका	92
बोर्ड	92
व्यक्ति	92
सकिने	92
अजित	91
अधिकारीका	91
कम्पनीको	91
खेलाडीलाई	91
घटना	91
दशमलव	91
पाएको	91
मिनेट	91
अनलाइन	90
क्लब	90
खारेज	90
जनताको	90
बढेर	90
मिटर	90
मूल्यमा	90
सँग	90
संसद्को	90
सङ्कलन	90
समारोहमा	90
स्वीकृति	90
अस्पताल	89
क्षति	89
गराउन	89
घरेलु	89
जनाको	89
दशरथ	89
द्विपक्षीय	89
नेतृत्वको	89
पदार्थको	89
पौडेल	89
बीचमा	89
बीमा	89
संकलन	89
हारेर	89
३६	89
आप	88
गरिन्छ	88
जसको	88
टन	88
टिकट	88
दिलाएका	88
निर्वाचनको	88
पुग्ने	88
बोर्डले	88
भइसकेको	88
भाडा	88
भिडियो	88
वर्षका	88
३४	88
असफल	87
प्रस्तावित	87
बीच	87
मिति	87
विदेश	87
विपक्षी	87
विभागको	87
सिट	87
अपराध	86
इमिरेट्स	86
क्रमशः	86
नगर्ने	86
बलियो	86
भएकोमा	86
यसमा	86
०००	86
आधारित	85
किया	85
गम्भीर	85
जडान	85
जलविद्युत्	85
झरेको	85
पुणे	85
प्रजातन्त्र	85
महानगरपालिकाको	85
यसबाहेक	85
ल्याउन	85
सरकारसँग	85
हिस्सा	85
४२	85
गुमाएर	84
नहुने	84
न्याय	84
साझा	84
७६	84
कक्षा	83
गृह	83
देउवाले	83
प्रमाणपत्र	83
बढ्दो	83
बोलाइएको	83
रनमा	83
रनले	83
राज्यमा	83
विषय	83
समयदेखि	83
एशियाली	82
घाटा	82
चरणको	82
जुलाई	82
पुस	82
महासङ्घका	82
विकासका	82
विज्ञान	82
सचिवालयले	82
२०१७	82
आधिकारिक	81
आयुक्त	81
उसले	81
कम्तीमा	81
किसान	81
गठबन्धनका	81
गराएका	81
घण्टा	81
पेट्रोल	81
बताएकी	81
महसुस	81
लाइन	81
विद्यालय	81
विराटनगर	81
सुपर	81
३९	81
अध्यक्षमा	80
आयोगको	80
उनीहरुले	80
कर्मचारी	80
गतेसम्म	80
घटनाको	80
देश	80
लेखेका	80
संस्था	80
सिरिज	80
स्वीकार	80
हाम्रा	80
आ	79
इजलासले	79
गर्नेछौं	79
पाकिस्तान	79
प्राधिकरण	79
बताउँछन्	79
रिक्त	79
३७	79
आयोजक	78
खेलाडीको	78
गर्दछौं	78
चौधरी	78
जहाज	78
तापक्रम	78
तोलामा	78
दर	78
प्रतिक्रिया	78
फेरि	78
माघ	78
मोहम्मद	78
यादवले	78
राहत	78
३३	78
अनुदान	77
आवश्यकता	77
उचित	77
एसियन	77
कार्यसूची	77
गया	77
ग्लोबल	77
जिल्लाको	77
जीवन	77
नसकेको	77
पक्षमा	77
प्रहार	77
भ्रमणमा	77
मन्त्रालयमा	77
मैत्रीपूर्ण	77
राखेका	77
लगाउन	77
लाइसेन्स	77
शाह	77
हस्तान्तरण	77
अधिकारीहरू	76
अन्त्य	76
उद्धार	76
केवल	76
गराएको	76
घाइते	76
टोलीमा	76
निलम्बन	76
प्राधिकरणका	76
महाराष्ट्र	76
मौसम	76
रहनुभएका	76
रोक	76
लाग्छ	76
वाग्मती	76
सकारात्मक	76
सक्छन्	76
५५	76
कार्यरत	75
गठबन्धन	75
थापा	75
निगमको	75
प्रमुखमा	75
भेट	75
मानव	75
वर्षदेखि	75
आयोग	74
कूल	74
गर्छ	74
गर्नुका	74
ग्रामीण	74
पठाएको	74
बारे	74
भारतमा	74
रिट	74
रुपैयाँको	74
विवाह	74
सदस्यले	74
सर्वाधिक	74
आजदेखि	73
उद्देश्य	73
कर्णाली	73
क्यानले	73
खतिवडाले	73
खानेपानी	73
गर्नुपर्छ	73
तीमध्ये	73
त्रिकोणात्मक	73
निवास	73
मल	73
माध्यमबाट	73
लगाउने	73
विजय	73
४४	73
अभाव	72
आउन	72
जस्तै	72
ढिलाइ	72
तरिकाले	72
तापनि	72
बयान	72
भौतिक	72
मुद्दाको	72
वन	72
विज्ञप्ति	72
स्थिर	72
६००	72
खड्काले	71
तोकिएको	71
पुरानो	71
प्रभावकारी	71
राख्दै	71
२०१६	71
अनुमतिपत्र	70
अवैध	70
एयर	70
गलत	70
चाहेको	70
डिजिटल	70
तर्क	70
त्यसको	70
पार्ने	70
प्रत्यक्ष	70
बिना	70
माथि	70
मे	70
राईले	70
सम्भावित	70
साउन	70
अदालतका	69
अप्रिल	69
इन्धनको	69
खाद्य	69
चलचित्र	69
छापा	69
तत्कालीन	69
निर्वाचनका	69
निश्चित	69
महत्त्वपूर्ण	69
यादव	69
रोक्न	69
सक्रिय	69
सञ्चार	69
टिप्पणी	68
नागरिकता	68
परियोजनाको	68
पवार	68
प्रसारण	68
प्रेस	68
बस	68
भएर	68
लगाए	68
संवैधानिक	68
समूहको	68
अवसर	67
आलोचना	67
कास्य	67
जम्मा	67
दिनपछि	67
दिनभित्र	67
नाममा	67
निरीक्षण	67
निवासमा	67
पालना	67
प्रतिपक्षी	67
प्रधान	67
प्रभाव	67
भट्टराईले	67
मन्त्रालयको	67
मामिला	67
मासिक	67
रजत	67
रहनेछ	67
राष्ट्रियसभाको	67
लामिछाने	67
संसद्मा	67
सन्देश	67
अन्तरिम	66
उपस्थिति	66
एकल	66
कम्युनिष्ट	66
काठमाडौंको	66
गाउँमा	66
चिन्ता	66
चीनको	66
जनवरीमा	66
जसका	66
जाँच	66
जिल्लाका	66
डिभिजन	66
दूरी	66
देखिन्छ	66
धारणा	66
निःशुल्क	66
परीक्षा	66
प्रहरीको	66
प्राथमिकता	66
बमोजिम	66
बलिङतर्फ	66
भाजपाले	66
महानगरपालिका	66
मुख्यमन्त्रीले	66
योजनाको	66
विद्युतीय	66
सक्नेछन्	66
समन्वय	66
सामग्री	66
हिजो	66
अंकले	65
अधिवक्ता	65
अमेरिका	65
अल	65
कल्याण	65
पदबाट	65
प्रकारका	65
प्रविधि	65
बढाउने	65
भारतसँग	65
शैक्षिक	65
सामान	65
४७	65
४८	65
आसन्न	64
उत्पन्न	64
उपभोक्ता	64
कार्ड	64
किन	64
कोष	64
क्लबले	64
गोली	64
डिजाइन	64
नसक्ने	64
प्रकाश	64
फाइनल	64
बैठकको	64
मुम्बई	64
रेलवे	64
लाग्ने	64
व्यक्तिले	64
सम्मेलन	64
स्टक	64
स्थापित	64
४६	64
अनुभव	63
आक्रमण	63
ईडीले	63
कर्पोरेसन	63
खेलेका	63
गुनासो	63
गुरुङले	63
चेतावनी	63
तीनै	63
दीपक	63
न	63
परराष्ट्रमन्त्री	63
पार्न	63
फर्कने	63
बजेसम्म	63
बोलाएको	63
भाइरस	63
मल्लले	63
मेट्रिक	63
लागी	63
वैशाख	63
शहरमा	63
शान्ति	63
शिष्टाचार	63
सिरिजको	63
सी	63
३८	63
४१	63
८००	63
अधिवेशन	62
आउट	62
आशा	62
एन्ड	62
कहिल्यै	62
कात्तिक	62
कानुनी	62
खड्का	62
निकायले	62
पठाउने	62
प्रतिवेदनमा	62
प्रदेशसभाको	62
प्रमाण	62
बनाएका	62
बल	62
बस्न	62
बाध्य	62
भलिबल	62
महेश	62
राई	62
ल्याउने	62
शपथ	62
संरक्षण	62
समितिमा	62
स्टेशनमा	62
हामीसँग	62
२०१५	62
९९	62
अझ	61
इन्धन	61
एयरलाइन्स	61
गणना	61
नगद	61
परिचालन	61
परिवारका	61
पोस्ट	61
प्रचार	61
बताउँदै	61
बिन्दुमा	61
भारतलाई	61
मुद्दामा	61
लागत	61
लिमिटेड	61
विवाद	61
शहरको	61
सक्षम	61
सहायक	61
अनुगमन	60
उच्चस्तरीय	60
गर्नका	60
चुनावमा	60
जरिवाना	60
त	60
नगर्न	60
पानीको	60
बोल्दै	60
राख्ने	60
वस्तु	60
विमान	60
शाखा	60
शेख	60
सञ्जालमा	60
सडकमा	60
समाप्त	60
स्रोतले	60
५१	60
कीर्तिमान	59
क्यान्सर	59
खेलेको	59
गर्यो	59
पहल	59
पाण्डेले	59
प्रधानमन्त्रीको	59
भन्यो	59
याएको	59
लगायत	59
विकासको	59
विद्यमान	59
विधानसभा	59
सकेन	59
सबैलाई	59
हुँदैन	59
१५०	59
४३	59
उनीहरुको	58
उनीहरूका	58
कुमार	58
गृहमन्त्री	58
त्रिवि	58
दलले	58
देशभरका	58
निकाय	58
पदार्थ	58
पर	58
पाइएको	58
पारेका	58
पुन	58
बढावा	58
बताइन्	58
बस्दैछ	58
याउने	58
वर्षा	58
वेस्ट	58
शरद	58
स्टार	58
२०७५	58
अभिनेत्री	57
आश्वासन	57
एमालेका	57
औद्योगिक	57
काँग्रेसले	57
केन्द्रमा	57
गण्डकी	57
ग्यास	57
चालक	57
जनाले	57
जे	57
डी	57
धम्की	57
नाका	57
नियन्त्रणमा	57
निरन्तरता	57
परामर्श	57
परिसरमा	57
पार्क	57
प्रकाशित	57
प्रबन्ध	57
प्रहरीलाई	57
बीएमसीले	57
बोर्डका	57
भण्डारी	57
मापदण्ड	57
यति	57
यसैगरी	57
राखेर	57
राम	57
विश्वव्यापी	57
व्यक्तिको	57
व्यापक	57
शक्ति	57
संविधानको	57
समयमै	57
समूहमा	57
सांस्कृतिक	57
५२	57
६५	57
अवरुद्ध	56
उल्लङ्घन	56
कतार	56
गतिविधि	56
चुनौती	56
च्याम्पियनसिपको	56
छोरा	56
जबकि	56
जितेकी	56
तयारीका	56
नेताले	56
प्रणालीमा	56
प्रति	56
प्रथम	56
प्राधिकरणको	56
बनेका	56
मामिलामा	56
मिलियन	56
म्याद	56
वित्त	56
संख्यामा	56
सङ्घ	56
हुनुपर्ने	56
५८	56
अधिकारीहरूलाई	55
अभिनेता	55
आवास	55
कथित	55
काठमाडौंमा	55
कामको	55
खाली	55
चयन	55
ठूला	55
तपाईंको	55
दूरसञ्चार	55
देखाएको	55
पकाउने	55
पुर्	55
पूर्वी	55
रोड	55
विनिमय	55
समाचार	55
समूहले	55
९७	55
अधिकारीहरुले	54
उपप्रमुखमा	54
उपयुक्त	54
कमिटीको	54
कमी	54
कलाकार	54
केन्द्रका	54
क्षेत्रीय	54
खुसी	54
घोषित	54
जसलाई	54
टिम	54
तथ्याङ्क	54
थिएँ	54
दबाब	54
नेताहरूले	54
पार	54
प्रश्नको	54
भई	54
महानगरपालिकाले	54
यसै	54
रमेश	54
लामिछानेलाई	54
वकिलले	54
व्यवसायीले	54
सम्झौतामा	54
सशस्त्र	54
साझेदारी	54
सूची	54
हरियाणा	54
२०१४	54
५९	54
६२	54
९५	54
अवरोध	53
अवार्ड	53
कारणले	53
क्रिकेटमा	53
गुरुङ	53
ग्रहण	53
चुनावी	53
छनोटको	53
छनोटमा	53
जफत	53
जोडेको	53
दलको	53
नगरपालिकाको	53
नदिन	53
परिवार	53
बैंकिङ	53
मानिसहरूलाई	53
रोहित	53
वातावरण	53
शारीरिक	53
सकेनन्	53
सचिवालय	53
सम्ममा	53
सीमित	53
स्कूल	53
२०७९	53
कमजोर	52
काठमाडौँको	52
खसेको	52
च्याम्पियनसिपमा	52
ठेक्का	52
तपाईंलाई	52
तिर्न	52
थालेको	52
दिएपछि	52
दीपेन्द्रसिंह	52
पूर्वप्रधानमन्त्री	52
महानगरपालिकाका	52
मानिसहरू	52
मेयर	52
रोजगारी	52
लिगको	52
विगतमा	52
सङ्क्रमण	52
सचेतक	52
सल्लाहकार	52
सेल्सियस	52
हटाउन	52
८५	52
अधिकतम	51
इन्टरनेट	51
इन्डिया	51
एक्सचेन्ज	51
एस	51
ओली	51
कर्मचारीलाई	51
कार्की	51
खोजी	51
झण्डा	51
पाउनेछन्	51
पोखरामा	51
प्रक्रियामा	51
मतदाता	51
मान्यता	51
मुख्यमन्त्रीको	51
लोकप्रिय	51
विकल्प	51
संयोजक	51
सदस्यलाई	51
समग्र	51
सही	51
साना	51
हप्ता	51
हुनुहुन्छ	51
७००	51
७२	51
आवासीय	50
उम्मेदवारी	50
करण	50
कार्यकर्ता	50
खेलका	50
चिकित्सा	50
चौधरीले	50
जनार्दन	50
तथापि	50
तलब	50
तीव्र	50
देशमा	50
नगरी	50
नवनियुक्त	50
प्रशंसा	50
बंगलादेश	50
बराबरी	50
बस्नेतले	50
बेन्चले	50
भाजपाका	50
भी	50
भ्रष्टाचार	50
मिस	50
रुपये	50
लागेका	50
विसं	50
सञ्चालित	50
साइबर	50
सिटी	50
सोधपुछ	50
हार	50
४९	50
६३	50
अर्का	49
आदेशमा	49
इच्छुक	49
ई	49
उनकी	49
औसत	49
कमिटी	49
कार्यक्रमको	49
केन्द्रको	49
गर्नुअघि	49
गहिरो	49
घिमिरेले	49
चण्डीगढ	49
तिनीहरूले	49
था	49
नोट	49
पदाधिकारी	49
पाएका	49
प्रदीप	49
प्रशासन	49
बजेटको	49
बढाएको	49
भूमि	49
महिनाभित्र	49
मापन	49
लक्षित	49
लेख्दै	49
विधानसभामा	49
विरुद्ध	49
व्यक्तिलाई	49
सर्वेक्षण	49
सिरिजमा	49
स्थानान्तरण	49
स्मार्ट	49
५३	49
६६	49
अध्यक्षतामा	48
कर्नाटक	48
कार्यवाहक	48
कीर्तिपुरस्थित	48
गर्नुहुनेछ	48
घटनामा	48
जितसँगै	48
नगरेको	48
नजिकै	48
निर्णयको	48
पटेलले	48
पर्यटक	48
पसल	48
पहुँच	48
पार्टीमा	48
प्रमाणीकरण	48
फागुन	48
फोटो	48
भारतबाट	48
भाषा	48
मङ्गलबार	48
मर्मत	48
महिलाले	48
रहेकाले	48
लिखित	48
विश्वविद्यालय	48
शुभकामना	48
संक्रमण	48
संस्थाले	48
सङ्घका	48
सदस्यमा	48
सांसदले	48
साटो	48
अविजित	47
एसपी	47
कल	47
कसैले	47
कागजात	47
खराब	47
गएका	47
गर्दैछ	47
गीत	47
छलफलका	47
ताकि	47
दिल्लीका	47
धार्मिक	47
पोखरेलले	47
प्रतिबद्ध	47
फैसला	47
भागको	47
महामारीका	47
मेगावाट	47
ललितपुर	47
लिएपछि	47
वर्षपछि	47
वर्षाका	47
वास्तविक	47
विमानस्थलको	47
विशाल	47
वृद्धिदर	47
श्री	47
सदस्यको	47
समसामयिक	47
सीता	47
सेटमा	47
स्वामित्वमा	47
हुन्छन्	47
५६	47
अत्यावश्यक	46
अभिनय	46
आयातमा	46
उपमेयरमा	46
उमेर	46
कांग्रेसको	46
क्षमता	46
गभर्नर	46
गोपनीयताको	46
छलफलमा	46
त्यस्तो	46
थियौं	46
धन्यवाद	46
नियमन	46
बढ्ने	46
भाइरसको	46
महिनापछि	46
रूप	46
रूपान्तरण	46
लागिएको	46
लुम्बिनी	46
वास्तवमा	46
विनोद	46
सञ्चालक	46
सम्बन्धी	46
सुशासन	46
४५०	46
५७	46
६१	46
६४	46
९००	46
९३	46
अधिकारीलाई	45
अलग	45
आयोजनाका	45
आयोजनामा	45
औषधि	45
कठिन	45
करको	45
गठबन्धनको	45
चल्ने	45
छिट्टै	45
जनाएका	45
जसपा	45
ज्ञानेन्द्र	45
तरकारी	45
तल	45
तहमा	45
दाहालको	45
दिएकी	45
दिन्छ	45
ध्यानाकर्षण	45
नसकेपछि	45
पछाडि	45
पञ्जाबका	45
पठाइएको	45
पर्छ	45
फरवरी	45
बङ्गाल	45
मंसिर	45
मानिसहरूले	45
मार्फत	45
मिडिया	45
राजश्व	45
राष्ट्रियसभाका	45
लोकतान्त्रिक	45
ल्याइएको	45
ल्याएको	45
वायु	45
शहीद	45
शेखले	45
संगठन	45
समूहका	45
साधन	45
९२	45
अगस्ट	44
अधिकारीको	44
अभ्यास	44
अस्थायी	44
आकर्षित	44
आधार	44
आन्दोलन	44
आपत्ति	44
आपराधिक	44
उठाएका	44
उपरीक्षक	44
कटौती	44
कला	44
काँग्रेसकी	44
केसी	44
कोषको	44
खेलबाट	44
खेल्दै	44
गर्	44
गुमाउँदै	44
चोट	44
जसमध्ये	44
टिभी	44
टेन्डर	44
दिनसम्म	44
दुरुपयोग	44
नजिकैको	44
नरेन्द्र	44
नेप्से	44
परिसूचक	44
पीडित	44
प्रकरणमा	44
प्रकारको	44
प्राकृतिक	44
फेब्रुअरीमा	44
बालुवाटारमा	44
बीएमसी	44
बैंकलाई	44
बोलपत्र	44
भरतपुर	44
भर्ती	44
भिसा	44
भेट्टायो	44
महानिर्देशक	44
माथिल्लो	44
मार्ग	44
राष्ट्रियसभा	44
रिहा	44
रोजगारीका	44
वर्षअघि	44
विरोधमा	44
श्रेष्ठको	44
सजाय	44
सहायता	44
सिंहको	44
सूचीमा	44
सेन्ट्रल	44
स्टेशन	44
६७	44
६८	44
अधिकारीहरूको	43
अवधिको	43
आयोजनाले	43
उनीहरु	43
उपाध्यक्षमा	43
उमेरमा	43
एकता	43
ऐतिहासिक	43
कलेज	43
कहा	43
काममा	43
किरण	43
गरियो	43
गाउँका	43
घटाउन	43
टेस्ट	43
ठाउँमा	43
तामाङले	43
तिनीहरू	43
पठाउन	43
प्रतियोगिताका	43
प्रतिशतको	43
प्रशिक्षकमा	43
फाइदा	43
फुटबलको	43
बचत	43
बजेका	43
भवनमा	43
मल्ल	43
महिनाअघि	43
मिलेर	43
यात्राको	43
राखेप	43
राजधानीमा	43
रासायनिक	43
रोकेको	43
रोजेको	43
ललितपुरको	43
विदेशमन्त्री	43
विद्यादेवी	43
सचिवालयका	43
सदस्यहरूले	43
सानो	43
सुदूरपश्चिम	43
सुवेदीले	43
सेट	43
२०७४	43
२०८०	43
आबद्ध	42
आयोजकले	42
आरोपी	42
इन	42
उहाँ	42
एएफसी	42
कानूनी	42
गरिसकेका	42
गैरआवासीय	42
ग्यासको	42
चन्द	42
चर्चित	42
जापान	42
जोन	42
त्यस	42
देशले	42
नभएकाले	42
निम्तो	42
नियामक	42
परिवारलाई	42
पुनले	42
पोखरेल	42
प्रक्षेपण	42
बढ्दै	42
भारी	42
मध्य	42
माधवकुमार	42
मूल	42
लिगमा	42
लिमिटेडले	42
व्यक्तिहरू	42
समाज	42
सर्वसाधारणलाई	42
सुनिल	42
७१	42
९४	42
९६	42
अनिवार्य	41
अन्ततः	41
आसिफ	41
उनीसँग	41
क्रिकेटको	41
खेती	41
गतिमा	41
गरें	41
गर्नुको	41
गर्यौं	41
गुमाएको	41
ट्राभल	41
तथ्याङ्कअनुसार	41
दुःख	41
देखाउँछ	41
नियन्त्रणका	41
परिणत	41
परी	41
प्रवद्र्धन	41
बरामद	41
मात्रै	41
रवि	41
राजधानी	41
राजेन्द्र	41
वरियतामा	41
वस्तुको	41
विकेटको	41
विदेशमा	41
विद्यार्थीहरूलाई	41
विभागलाई	41
विभाजन	41
शोक	41
संस्थापक	41
सरकारमा	41
सेनाको	41
स्रोत	41
हुँदैछ	41
हेरचाह	41
हेर्न	41
६९	41
अभियानको	40
आएपछि	40
उजुरीमा	40
उडानका	40
एम	40
एयरलाइन्सले	40
केजी	40
गर्नुहोस्	40
ग्राम	40
चाहन्छु	40
जल	40
टाढा	40
तिनीहरूलाई	40
दिल्लीमा	40
दोब्बर	40
पारस्परिक	40
पूजा	40
प्रगति	40
प्रवाह	40
फिफा	40
बढीको	40
बराबरीमा	40
ब्याटिङको	40
भएकी	40
भागमा	40
भूकम्प	40
मतले	40
मसान्तसम्म	40
योग्य	40
राष्ट्रसङ्घका	40
लिइएको	40
विजेताले	40
व्यवसाय	40
शव	40
शहर	40
संकेत	40
सकेका	40
सक्दैन	40
सन्दर्भमा	40
सम्भव	40
सहयोगमा	40
साउदी	40
सारिएको	40
सुरुवात	40
अनुमोदन	39
अनुसन्धानका	39
अलआउट	39
अवलोकन	39
आप्रवासी	39
आफ्नी	39
इटालियन	39
ओमान	39
ओलम्पिक	39
किसानलाई	39
क्रिकेटर	39
खोप	39
गरियोस्	39
गैर	39
च्याम्पियनसिप	39
छक्का	39
छिमेकी	39
डेपुटी	39
तेल	39
त्रिपुरेश्वरस्थित	39
थे	39
देवराज	39
नरहेको	39
नामक	39
पदमा	39
पपुवा	39
प्रधानमन्त्रीले	39
प्रेम	39
फोहर	39
बनाएर	39
बलिङ	39
बस्नेछ	39
मट्टितेलको	39
मानसिक	39
योजनामा	39
रक्षा	39
रणनीति	39
रोकिएको	39
लगिएको	39
लाभ	39
विमानस्थलबाट	39
विश्वासको	39
शून्य	39
संघर्ष	39
संरचना	39
सङ्ख्या	39
समवेदना	39
समाधानका	39
सहकारी	39
सहमत	39
सेकेन्डमा	39
सोमपाल	39
हजारभन्दा	39
हटाउने	39
हाफमा	39
२५०	39
५४	39
1	38
अधिक	38
अनुसन्धानमा	38
अन्त्यसम्ममा	38
अवस्थित	38
आचार्यले	38
आरिफ	38
उम्मेदवारको	38
उल्लेखनीय	38
एसीसी	38
ऐरी	38
कार्यक्रमका	38
कुमारले	38
क्यानडा	38
क्षतिपूर्ति	38
खुलेको	38
गिरावट	38
घिसिङले	38
चाँदी	38
टीएमसी	38
टुङ्गो	38
थान	38
दिइन्	38
नोटिस	38
पठाएका	38
पाउँदा	38
पास	38
प्रणालीको	38
प्रतिनिधि	38
प्रशोधन	38
बधाई	38
ब्याट्सम्यान	38
भविष्यमा	38
मद्दतमा	38
मुलुकका	38
मोदी	38
मोदीले	38
रहे	38
राप्रपा	38
वार्ता	38
विद्यालयका	38
विद्यालयको	38
सधैं	38
सबैले	38
सम्बन्धलाई	38
सहसचिव	38
साथमा	38
सापकोटाले	38
हलमा	38
हुनुपर्छ	38
ै	38
८४	38
अंकका	37
अधिवेशनमा	37
अनुमानित	37
आजै	37
आयोगमा	37
इन्कार	37
उपधारा	37
एउटै	37
एभरेष्ट	37
कार	37
कालोसूचीमा	37
कोइरालाले	37
खोजेको	37
गति	37
गाउँपालिका	37
घटनास्थलमा	37
च्याम्पियन	37
जनरल	37
जनही	37
जस्तो	37
जित्ने	37
जीवनको	37
तेजावी	37
दिल्लीको	37
दुर्घटना	37
देशलाई	37
ध्वजाबाहक	37
पत्रमा	37
परिणाम	37
पुनरावलोकन	37
फैलिएको	37
बनाइएको	37
बन्ने	37
बैंकहरुले	37
भन्छिन्	37
भेला	37
युरोपियन	37
यौन	37
विमानस्थलका	37
व्यस्त	37
सूचनामा	37
स्तरमा	37
हस्तक्षेप	37
हिमालयन	37
हुनु	37
हैं	37
७९	37
अदालतलाई	36
अभिषेक	36
अर्जुन	36
आदिवासी	36
आमा	36
उनीहरुलाई	36
उपकरण	36
कर्मचारीको	36
कामदार	36
कार्यसमितिको	36
कार्यान्वयनका	36
कुन	36
क्षतिमा	36
खडा	36
खुशी	36
गरेकोमा	36
गर्दछु	36
गर्नुपरेको	36
चोरी	36
जुनियर	36
त्यसतर्फ	36
त्यस्ता	36
दिनअघि	36
दिवस	36
नभएसम्मका	36
नवीकरण	36
नायब	36
नियुक्ति	36
नेपालबाट	36
पक्षले	36
पति	36
पदका	36
पार्किङ	36
पुल	36
पूँजी	36
पौडेलका	36
प्रविधिमन्त्री	36
बलात्कार	36
बलेन्द्र	36
ब्याजदर	36
मतपत्र	36
मन	36
महाराष्ट्रमा	36
म्याच	36
यात्रु	36
युनिट	36
राजनीति	36
लिमिटेडको	36
वडामा	36
विद्यार्थीहरू	36
विप्रेषण	36
वैकल्पिक	36
शीतल	36
श्रीमती	36
श्रीलङ्का	36
संघका	36
सक्दछन्	36
समितिलाई	36
हङकङ	36
७४	36
८१	36
८६	36
८७	36
2	35
अभिवृद्धि	35
आधारभूत	35
उपमहासचिव	35
एकै	35
कति	35
करोड़	35
कर्मचारीले	35
काँग्रेस	35
कांग्रेसका	35
कामना	35
कुराकानी	35
कृष्णप्रसाद	35
केन्द्रले	35
खबर	35
खातामा	35
खेल्दैछ	35
गए	35
गठित	35
गर्नुपर्नेछ	35
गाउँपालिकाको	35
गिरीको	35
घटाएको	35
चैत	35
छुट्टै	35
छोरी	35
जनतालाई	35
जोड्ने	35
टिमले	35
तपाईंले	35
तिर्नुपर्ने	35
तोकेको	35
थ्री	35
दण्ड	35
दफा	35
दिवसका	35
देउवा	35
नेपालीले	35
परियोजनाका	35
पावर	35
पुग्न	35
प्रदर्शनमा	35
प्राथमिक	35
प्रोत्साहित	35
फर्कन	35
फोहोर	35
बिहीबारदेखि	35
भइरहेका	35
भट्टराई	35
भूमिगत	35
मुम्बईमा	35
युवराज	35
रहँदा	35
राजदूतमा	35
रोग	35
विद्यार्थीले	35
विशिष्ट	35
वैज्ञानिक	35
श्रद्धाञ्जलि	35
संशोधित	35
सकिएपछि	35
सञ्जय	35
सहकार्य	35
साझेदार	35
सामान्यतया	35
स्पिनर	35
स्मारक	35
हार्दिक	35
७३	35
९१	35
अध्यादेश	34
अवतरण	34
अवधि	34
आए	34
इस	34
उड्डयनमन्त्री	34
एकड	34
एमालेले	34
कम्पनीमा	34
कर्तव्य	34
क्षेत्रलाई	34
खुलासा	34
गणपत	34
गौतम	34
छुट	34
छैनौं	34
ज्येष्ठ	34
टु	34
टोलीसँग	34
डिसेम्बरमा	34
ढकालले	34
तामाङ	34
तौल	34
दोषी	34
नगरपालिकामा	34
नारायणकाजी	34
पक्का	34
प्रतिस्थापन	34
बिदा	34
भएमा	34
भनी	34
भन्न	34
भुटान	34
भुर्तेलले	34
भेट्न	34
मजबुत	34
मन्त्रीले	34
मागेको	34
मार्चमा	34
याउन	34
याचिका	34
राज्यलाई	34
लागतमा	34
विद्यालयमा	34
व्यक्तिहरूलाई	34
व्यवसायीको	34
समायोजन	34
सरकारबाट	34
साथी	34
सिफारिसमा	34
सीट	34
सीसीटीभी	34
सोहीअनुसार	34
स्थिति	34
हालको	34
अत्यधिक	33
अधिकारीहरूका	33
अनिल	33
आइतबारदेखि	33
आइपिएल	33
आतिशीले	33
इन्टरनेसनल	33
उद्योगमा	33
एनपी	33
ऐरीले	33
ओरालो	33
कपमा	33
केशव	33
खान	33
गल्फ	33
गैरकानुनी	33
चौका	33
जगन्नाथ	33
जनमत	33
जलवायु	33
जाजरकोट	33
ठोस	33
त्यसलाई	33
थपे	33
दिगो	33
दिनदेखि	33
नतिजा	33
निकायको	33
निमन्त्रणामा	33
परिवारको	33
पशुपन्छी	33
पश्चिमी	33
पाँचौं	33
पाण्डे	33
पुगेर	33
पुलिसले	33
बच्चा	33
बच्न	33
बालेन	33
बावजुद	33
बिजुली	33
बिल	33
बुझ्न	33
बेवास्ता	33
बेहोरेको	33
बोर्डको	33
भर्न	33
भाडामा	33
भीड	33
भोलि	33
मलेसियाले	33
यसैले	33
योसँगै	33
रिलिज	33
रुकुम	33
विरोधी	33
शहरी	33
सक्यो	33
सचेत	33
सञ्चिति	33
सरुवा	33
सिंहलाई	33
सिजन	33
सेवामा	33
सौर्य	33
स्वकीय	33
हत्या	33
हराएको	33
हित	33
८८	33
८९	33
अक्टोबरमा	32
अधिकारीहरुका	32
अभियोगमा	32
ईडी	32
उक्लिएको	32
उपचारका	32
ओपनर	32
कर्जा	32
कानूनको	32
कार्यसम्पादन	32
कार्यालयबाट	32
कोही	32
गिरी	32
गिरीले	32
ग्राहकले	32
चण्डीगढको	32
चाँडो	32
चार्टर्ड	32
चुनावको	32
छनोटअन्तर्गत	32
छुट्याइएको	32
जीवनमा	32
जोखिम	32
जोडिएको	32
डेढ	32
तहका	32
तालिका	32
त्यसका	32
देव	32
निक्षेप	32
निगरानी	32
नीतिको	32
नीतिगत	32
परिवारले	32
पूर्वकप्तान	32
प्यानल	32
प्रेरित	32
फर	32
फर्केका	32
फिल्ममा	32
फुटेज	32
भित्र	32
भीम	32
मन्दिर	32
मलेसिया	32
मस्जिद	32
महाराष्ट्रका	32
महोत्सव	32
मानले	32
मारेको	32
माल्दिभ्स	32
मुद्रा	32
मृत	32
मौद्रिक	32
यादवलाई	32
राजमार्ग	32
राष्ट्रपतिले	32
रुपैयाँभन्दा	32
लड्ने	32
विकसित	32
विश्वकपमा	32
व्यवहार	32
शर्मालाई	32
श्रेष्ठलाई	32
संयोजकत्वमा	32
संस्थालाई	32
सञ्चारकर्मीसँग	32
सत्तामा	32
सभा	32
साताको	32
सातौँ	32
सिनियर	32
सुन्दर	32
सुरक्षाका	32
सेना	32
स्मरण	32
स्वामित्वको	32
होस्	32
२०१३	32
3	31
अंकमा	31
अमेरिकाको	31
अलपत्र	31
अहमद	31
आशंका	31
उपत्यका	31
उपराष्ट्रपति	31
उम्मेदवारलाई	31
एशोसिएशन	31
ओबीसी	31
कर्पोरेट	31
कविता	31
कानुन	31
कारवाही	31
कार्यक्रमलाई	31
किलो	31
किसानको	31
केसीले	31
कोषमा	31
क्षेत्रबाट	31
खपत	31
खाता	31
गान्धी	31
गैरसरकारी	31
गोलको	31
चरण	31
चुनावअघि	31
छोटो	31
छौँ	31
जनकपुर	31
डेब्यु	31
ढकाल	31
तुरुन्तै	31
दक्षिणी	31
दिनेछ	31
दिशामा	31
दुर्घटनामा	31
नगरपालिकाका	31
नागरिकको	31
नाफा	31
निजामती	31
नेपालगञ्ज	31
नेपालीको	31
पछ्याएको	31
परम्परागत	31
पर्दछ	31
पर्यटकीय	31
प्रतिशतभन्दा	31
प्रहरीमा	31
बाबुराम	31
बुकिङ	31
भइन्	31
भगवान	31
मन्त्रालयलाई	31
महानिरीक्षक	31
मागेका	31
मार्ने	31
मुलुक	31
मूल्यांकन	31
यसरी	31
योजनाका	31
रहेकोमा	31
राष्ट्रको	31
राहदानी	31
रेखा	31
विकासमा	31
विज्ञापन	31
विद्यार्थीहरूको	31
विधान	31
विविध	31
विषयलाई	31
संहिताको	31
सङ्केत	31
सङ्घले	31
सदस्यहरू	31
समर्पित	31
समृद्ध	31
सम्मका	31
साधनको	31
साधारण	31
30	30
5	30
अडियो	30
अधिकृतको	30
अमित	30
अर्पण	30
अहिलेसम्मकै	30
आधा	30
आम्दानी	30
आर	30
ईडीको	30
उठाएको	30
उद्धृत	30
कामका	30
किसानले	30
केजरीवालले	30
क्यामेरा	30
गणेशप्रसाद	30
गतेको	30
गन्तव्य	30
गराउनुभएको	30
गौतमले	30
चलेको	30
चामल	30
चाहने	30
छिटो	30
जमानत	30
जेल	30
जेलमा	30
ठगी	30
तयारीमा	30
तातोपानी	30
त्यसो	30
थिएनन्	30
धितोपत्र	30
नष्ट	30
पञ्जाबको	30
पर्नेछ	30
पार्कमा	30
पार्टीलाई	30
पुलिसको	30
प्रदूषण	30
प्रविधिको	30
बजेटले	30
भण्डारण	30
भुर्तेल	30
मधेश	30
मनिष	30
मनोनीत	30
मन्त्रिपरिषद्	30
मलको	30
माफी	30
मुम्बईको	30
मेलम्ची	30
यह	30
राष्ट्रसङ्घको	30
लकडाउन	30
लेग	30
वर्षभित्र	30
वर्षसम्म	30
वीरगञ्ज	30
व्यवस्थित	30
व्यापारिक	30
शिन्दे	30
शुक्रबारदेखि	30
सक्छौं	30
सञ्चालनका	30
सदस्यका	30
सफा	30
सोधपुछका	30
सोधिएको	30
स्वास्थ्यमा	30
हप्ताको	30
३५०	30
८२	30
2024	29
अनधिकृत	29
अन्त्यमा	29
अन्त्येष्टि	29
अर्थात्	29
आइपुगेको	29
आपतकालीन	29
उत्पादनमा	29
एन्फाले	29
कसैलाई	29
कामदारको	29
कायमै	29
कार्यालयको	29
खनालले	29
खर्चेर	29
गुणस्तर	29
चालु	29
च्यालेन्ज	29
जिम्मा	29
जी	29
ट्रेन	29
दलित	29
दिनुपर्छ	29
दिया	29
दूतावासले	29
दृष्टिकोण	29
देखिएपछि	29
नदिएको	29
नागरिकलाई	29
निकायका	29
निवासी	29
न्यायाधीशको	29
पवारको	29
पाउन	29
पाकिस्तानका	29
पुस्तक	29
प्रधानन्यायाधीश	29
प्रमाणित	29
प्रश्नमा	29
फुकुवा	29
बक्सिङ	29
बालकृष्ण	29
बासिन्दा	29
बुझाएको	29
बुझिएको	29
बेलायती	29
ब्याज	29
मध्यनजर	29
मनरेगा	29
मनोज	29
महर्जनले	29
मात्रा	29
मानिस	29
माल्दिभ्सलाई	29
यसबाट	29
रुप	29
लगायतका	29
लामा	29
वाचा	29
शंकास्पद	29
संस्करण	29
संस्करणको	29
साउदले	29
सिलिण्डर	29
सेनाका	29
स्टेट	29
७५०	29
4	28
आदि	28
आदेशको	28
उडेको	28
उत्तरी	28
उद्धव	28
उपत्यकामा	28
उपप्रमुख	28
एसिसी	28
कार्यकाल	28
कृष्णबहादुर	28
कोरिया	28
क्यानका	28
क्लबका	28
खोल्ने	28
गरेसँगै	28
गर्नुपर्नेमा	28
गर्नेछु	28
घटाएर	28
घिमिरे	28
चासो	28
चाहन्छौं	28
चिह्न	28
छैटौं	28
जनताले	28
ठहर	28
तस्करी	28
तीव्रता	28
दिनुभएको	28
नवौँ	28
निकालेको	28
निकाल्दै	28
निरीक्षक	28
निर्वाह	28
नेपालसहित	28
परिमार्जन	28
परियोजनामा	28
परिषद्को	28
पहाडी	28
पाएपछि	28
पारस	28
पारिएको	28
पुराना	28
प्रक्रियालाई	28
प्रतिनिधिमण्डलको	28
प्रतिनिधिमण्डलले	28
प्रधानसेनापति	28
प्रवक्ताले	28
प्रशासनिक	28
बङ्गालका	28
बजारको	28
बढुवा	28
बलात्कारको	28
बाल	28
बिहीबारको	28
भिडियोमा	28
मतगणनामा	28
मन्दिरको	28
महिलाको	28
याचिकामा	28
यात्रुलाई	28
लगाउँदै	28
ललित	28
लिनुपर्ने	28
लेखेकी	28
विगतका	28
शहरका	28
शाही	28
सँगै	28
सकिएको	28
सङ्घको	28
सजिलो	28
सञ्जाल	28
समन	28
समयको	28
सम्भाव्यता	28
सिमेन्ट	28
सुरेश	28
सेवाका	28
स्टेसन	28
स्पष्टीकरण	28
हिमाल	28
अमेरिकाका	27
अस्पतालका	27
आइपुग्नुभएको	27
आक्रमणको	27
आचार्य	27
आर्मी	27
इतिहास	27
उजागर	27
उत्पादनको	27
उद्योगको	27
उपप्रधानमन्त्री	27
उपस्थितिमा	27
उम्मेदवारले	27
उल्लेख्य	27
कम्पनीसँग	27
करीब	27
किशोर	27
कृष्ण	27
क्षमताको	27
क्षेत्रहरूमा	27
खोल्न	27
गरेकाले	27
घटाउने	27
घरको	27
चाहन्छन्	27
जिम्मेवार	27
डलरमा	27
तक	27
तहले	27
तिमिल्सिनाले	27
दिएर	27
नदीको	27
नहीं	27
नारायण	27
निगमलाई	27
नेपालीलाई	27
नोभेम्बरमा	27
पञ्जाबमा	27
परियोजनाहरूको	27
पर्यटकको	27
पारिश्रमिक	27
पारे	27
प्रमुखको	27
प्रावधान	27
प्लान्ट	27
फिट	27
फेसबुक	27
बंगलादेशसँग	27
बढ्न	27
बिरामी	27
भवनको	27
भुसालले	27
मतान्तरले	27
मनोनयन	27
मलेसियाका	27
मस्यौदा	27
महाप्रबन्धक	27
महाप्रसाद	27
महासंघ	27
महिनादेखि	27
माध्यमिक	27
मामला	27
मुख्यसचिव	27
रवीन्द्र	27
राष्ट्रपतिको	27
रेग्मी	27
लगाएकी	27
लिटर	27
लेखा	27
वटै	27
विचाराधीन	27
विद्यार्थीहरूले	27
विधेयकमाथि	27
विश्वकपको	27
विश्वको	27
विश्वस्त	27
विष्ट	27
व्याख्या	27
संस्करणमा	27
संस्थाका	27
सातै	27
सिभिल	27
सुरुङ	27
सुरेन्द्र	27
सेवाको	27
स्टेसनमा	27
स्थित	27
हटाएको	27
हडताल	27
हरित	27
होटलमा	27
अशोक	26
अहमदाबाद	26
आधुनिक	26
आनन्द	26
इजलासमा	26
इभिएम	26
उत्तीर्ण	26
उपायहरू	26
ऐनको	26
कमाएको	26
कम्पनीहरुले	26
कार्यको	26
कुराको	26
क्राइम	26
क्लबमा	26
खर्चको	26
खाद्यान्न	26
खेल्नेछन्	26
गतिविधिमा	26
गरेनन्	26
गर्दैन	26
गाडी	26
गाह्रो	26
गोविन्द	26
ग्रेटर	26
चन्दले	26
चितवन	26
जुलाईमा	26
ज्ञवालीले	26
टिमको	26
ढोका	26
तरलता	26
थापालाई	26
थाले	26
दरमा	26
दी	26
देउवाको	26
देखाउँदै	26
देखेका	26
देखेको	26
देख्न	26
देशबीच	26
नजिक	26
नदिने	26
नाटक	26
निर्णयले	26
निर्माणको	26
न्यू	26
पटेल	26
पदहरू	26
पदाधिकारीले	26
परियोजनाहरू	26
पर्खाइमा	26
पोस्टमा	26
प्रकट	26
प्रकाशन	26
प्रसिद्ध	26
फेब्रुअरीको	26
बंगलादेशको	26
बढाएर	26
बलिउड	26
बस्दै	26
बालबालिका	26
बाहिरिने	26
बीएमसीको	26
बुझाउन	26
बैंकमा	26
भट्ट	26
भट्टले	26
भरिएको	26
भर्चुअल	26
भाजपाको	26
भेटघाट	26
भ्रमणको	26
मगरले	26
मलेसियाको	26
मलेसियामा	26
मलेसियालाई	26
मुख्यतया	26
मुद्दाहरू	26
रकमको	26
रणनीतिक	26
रहनेछन्	26
राज्यपाल	26
राहुल	26
रोडमा	26
वर्षहरूमा	26
विधामा	26
विभागमा	26
विष्णु	26
शिखर	26
शो	26
समुदायका	26
सम्झौताअनुसार	26
सर्वदलीय	26
सहयोगका	26
सांगठनिक	26
सिंहदरबारमा	26
सुरुदेखि	26
सुविधाहरू	26
हल	26
हुँ	26
००	26
१२०	26
अग्निप्रसाद	25
अधिग्रहण	25
अधिनियम	25
अनुबन्ध	25
अनुसन्धानले	25
अपिल	25
अफ्रिका	25
अरविन्द	25
अर्कोतर्फ	25
अर्धशतक	25
अर्यालले	25
अस्पतालको	25
आंशिक	25
आय	25
इच्छा	25
इन्स्टिच्युट	25
उत्तम	25
उपमुख्यमन्त्री	25
उहाँको	25
ऋणको	25
एन	25
एनसीपी	25
ओपन	25
कथा	25
कप्तानीमा	25
करोडौं	25
कूटनीतिक	25
कोइराला	25
क्वाटरफाइनलमा	25
खरिदका	25
खानले	25
गणतन्त्र	25
गराइएको	25
गरेमा	25
गायकवाड	25
घटनाबारे	25
घरबाट	25
चिसो	25
जतिसक्दो	25
जबर्जस्ती	25
जापानको	25
जितका	25
ज्यान	25
टीका	25
ठेकेदार	25
डिपिआर	25
डेलिभरी	25
तब	25
थी	25
दलीय	25
दिइनेछ	25
देशबीचको	25
धनगढी	25
नसकिने	25
नसक्दा	25
नियमावली	25
निर्णयअनुसार	25
निर्माणमा	25
निर्माणाधीन	25
निर्यातमा	25
निवेदनमा	25
नेताहरूलाई	25
न्यायिक	25
पक्ष	25
पछिल्ला	25
पत्नी	25
पर्न	25
पर्नेमा	25
पाटिलले	25
पारिवारिक	25
पार्दै	25
पेनाल्टी	25
प्रतिशतमा	25
प्रदायक	25
प्रदेशसभामा	25
प्रशासनले	25
प्रोत्साहन	25
फलस्वरूप	25
बच्चाको	25
बजेतिर	25
बम्बई	25
बयानमा	25
बर्खास्त	25
बुक	25
भएसँगै	25
मन्त्रीको	25
मुलुकमा	25
मोटरसाइकल	25
रह्यो	25
रुसी	25
रोयल	25
विधानसभाको	25
विश्लेषण	25
विश्वविद्यालयको	25
व्यक्तिहरूको	25
संविधान	25
सपना	25
सम्मानित	25
सह	25
सहकार्यमा	25
सहयोगी	25
सहरी	25
साताअघि	25
सातादेखि	25
सिरिजअन्तर्गत	25
सैनिक	25
सोमबारदेखि	25
स्टार्टअप	25
हजारौं	25
हिमालय	25
१६८	25
८३	25
९८	25
10	24
अक्सिजन	24
अधिवेशनको	24
अध्यक्षको	24
अनुसन्धानको	24
अफगानिस्तान	24
अब्दुल्लाह	24
अयोध्यामा	24
अवस्थाबारे	24
आकाश	24
आदेशलाई	24
इतिहासमा	24
एमसिसी	24
एशिया	24
कपको	24
करने	24
कामी	24
कार्यकर्तालाई	24
कार्यकालमा	24
कैद	24
खनाल	24
गर्दैछन्	24
गल्ती	24
गाउँ	24
ग्रुप	24
घूस	24
चार्जिङ	24
चीनबाट	24
चेक	24
छनोटका	24
छात्रवृत्ति	24
जमिन	24
जिते	24
ज्ञान	24
टोकियो	24
ट्रयाक	24
ठाउँ	24
ठीक	24
तालिकाको	24
तिहार	24
थुप्रै	24
दिनका	24
दिनुपर्ने	24
दौडमा	24
नागरिकले	24
निम्न	24
पदभार	24
परीक्षामा	24
पाकिस्तानसँग	24
पिता	24
पुनर्जीवित	24
प्याज	24
प्याराग्लाइडिङ	24
प्रतिष्ठित	24
प्रयोजनका	24
प्रिमियम	24
प्लट	24
फर्किएको	24
फलफूल	24
बङ्गालको	24
बस्नेत	24
बाटो	24
बिदाइ	24
बृहन्मुंबई	24
बोलाएका	24
भीडभाड	24
भुक्तान	24
मध्यम	24
महामारी	24
मुक्त	24
मूल्यका	24
मेसिन	24
मैदान	24
मौज्दात	24
युथ	24
राजकुमार	24
राय	24
रुटमा	24
रुपैयाँसम्म	24
लघुवित्त	24
लिँदै	24
वर्ल्ड	24
वर्षाको	24
विक्रम	24
विद्यार्थीलाई	24
विशेषज्ञ	24
व्यापारीले	24
सक्दैनन्	24
सचिवमा	24
समस्याका	24
सीप	24
सूचित	24
सेक्टर	24
सेनाले	24
सेन्टर	24
स्पोर्ट्स	24
हाफको	24
हितका	24
हिन्दू	24
हेक्टर	24
अध्ययनले	23
अभावका	23
अभियानमा	23
आएर	23
आगो	23
उकालो	23
उखु	23
उजुरीका	23
उत्प्रेरित	23
उदाहरण	23
उपप्रधान	23
उपविजेता	23
उल्लिखित	23
एक्स	23
कब्जा	23
काउन्सिल	23
कारबाहीको	23
किसानका	23
क्षेत्री	23
खण्डमा	23
खाँचो	23
ग	23
गई	23
गणेश	23
गिरफ्तार	23
गुणस्तरीय	23
घाटामा	23
चाड	23
चिनी	23
चिन्तित	23
छोड्ने	23
जोडी	23
तथ्यांकअनुसार	23
तेह्रौँ	23
दरले	23
दीर्घकालीन	23
देसाईले	23
धरान	23
धेरैले	23
नभई	23
नामावली	23
निर्णयमा	23
निर्माता	23
निवारण	23
नेताको	23
पवारले	23
पाइपलाइन	23
पाउँछन्	23
पाण्डेलाई	23
पारी	23
पेट्रोलको	23
प्रक्रियाको	23
प्रतिलिपि	23
प्रतिवेदनअनुसार	23
प्रस्तावको	23
प्रस्तावमा	23
प्रस्तुति	23
प्राध्यापक	23
बञ्चित	23
बम	23
बार	23
बाहिरिएको	23
बाहेक	23
बैठकपछि	23
भर्ने	23
भावी	23
भुटानलाई	23
भूतपूर्व	23
भूपेन्द्र	23
म्युजिक	23
युनियन	23
योजनाहरू	23
राजनीतिमा	23
राजीव	23
राप्रपाका	23
रियल	23
लिइरहेका	23
वरिपरि	23
वर्ग	23
वर्षभन्दा	23
विधेयकमा	23
व्यवसायीलाई	23
शासन	23
शिलान्यास	23
संकट	23
संगीत	23
संचालित	23
संसद्का	23
सदनमा	23
समझदारीपत्रमा	23
समयसम्म	23
सम्भवतः	23
सम्मेलनको	23
सर्वसम्मत	23
सर्वसम्मतिले	23
सांसदको	23
सामूहिक	23
सिंगापुर	23
सिक्का	23
सुनचाँदीको	23
सुनिता	23
सुवेदी	23
सूचीकृत	23
सेक्युरिटी	23
सेप्टेम्बरमा	23
सेवानिवृत्त	23
सोमबारको	23
स्मृति	23
हप्तामा	23
हल्का	23
हाराहारीमा	23
हालैको	23
2023	22
अज्ञात	22
अद्यावधिक	22
अधिकारीसँग	22
अध्यागमन	22
अपराधको	22
अपाङ्गता	22
अभियुक्त	22
अभियुक्तको	22
अरू	22
आइओसी	22
आएकी	22
आकार	22
आबकारी	22
आयो	22
इजरायलमा	22
इन्दु	22
ईडीका	22
उपभोक्ताले	22
एजेन्सीले	22
एल	22
एल्बम	22
कारखाना	22
कार्यान्वयनमा	22
कार्यालयलाई	22
खापुङले	22
खेलाडीमा	22
गायकवाडले	22
चरणका	22
चालेको	22
जाँदै	22
जातीय	22
ज्योति	22
टेक्नोलोजी	22
डबल	22
डाटा	22
दिनेश	22
देखा	22
निकायलाई	22
निकासा	22
निलम्बित	22
परीक्षणको	22
पिज्जा	22
पुँजीगत	22
पुगे	22
पूर्णबहादुर	22
पौडेलको	22
प्रतिनिधिले	22
प्रभावशाली	22
फरार	22
फुटबलमा	22
फ्रिक्वेन्सी	22
बढिरहेको	22
बत्ती	22
बनायो	22
बाह्य	22
बुधबारदेखि	22
भनेकी	22
भेटेर	22
मन्त्रिपरिषद्ले	22
मसान्तमा	22
मसान्तसम्ममा	22
मुम्बईका	22
मेल	22
म्यानेजर	22
यथाशीघ्र	22
यात्रामा	22
यात्री	22
युएईलाई	22
युएईसँग	22
राउत	22
राज्यमन्त्री	22
रूख	22
लक्ष्मी	22
लगानीको	22
ललिता	22
लाग्यो	22
लेखक	22
लेखिएको	22
वर्गका	22
विधायकहरूले	22
विश्वकपका	22
विश्वका	22
विष्टले	22
वृद्धिको	22
शाहलाई	22
शाहीले	22
शिक्षक	22
शिवसेना	22
शीघ्र	22
शुक्रबारको	22
संस्थाको	22
सक्दो	22
सट्टा	22
सपथ	22
सब	22
सम्पत्तिको	22
सिरिजका	22
सुमन	22
सुरक्षाको	22
सूचीबद्ध	22
सेल	22
सोझो	22
सोधेको	22
स्टार्ट	22
स्थलमा	22
हतियार	22
हेरफेर	22
२०१०	22
९५०	22
6	21
7	21
ः४५	21
अख्तियार	21
अन्यथा	21
अभिभावक	21
अर्थतन्त्रलाई	21
अवकाशप्राप्त	21
असन्तुष्टि	21
आइतबारको	21
आइसिसीले	21
आन्दोलनको	21
आवमा	21
इमेल	21
उडानको	21
उडानमा	21
उत्पादक	21
उपत्यकाका	21
एजेन्सी	21
एन्फाका	21
कंग्रेसले	21
कभर्डहलमा	21
कमिटीका	21
कहिलेकाहीं	21
काठमाडौँबाट	21
कामदारले	21
कामलाई	21
कुटपिट	21
कुवेत	21
केजरीवाललाई	21
कोर्स	21
खतरा	21
खतिवडा	21
खुल्ने	21
गराए	21
गरेन	21
गर्छु	21
गुरु	21
गोलकिपर	21
चल्नेछ	21
छैटौँ	21
जित्न	21
टेलिफोन	21
ट्रक	21
डेभिड	21
तराई	21
तर्फ	21
तह	21
तहलाई	21
तृणमूल	21
त्यसमा	21
थुनामा	21
दियो	21
धान	21
नगरे	21
नदी	21
नबिल	21
नमूना	21
नसकेका	21
निर्देशिका	21
पत्रकारसँग	21
पदाधिकारीको	21
पाँचौँ	21
प्रतिनिधिसभामा	21
प्रदर्शनको	21
प्रदर्शनी	21
प्रधानमन्त्रीलाई	21
प्रशिक्षणमा	21
प्रशिक्षित	21
प्लेटफर्म	21
फायर	21
फ्रेन्चाइज	21
बङ्गलादेश	21
बाबा	21
बाहिरिएका	21
बाहिरी	21
बैठकलाई	21
भन्नुभयो	21
भव्य	21
मञ्च	21
मनाङ	21
महतले	21
महतो	21
महाराष्ट्रको	21
महालेखा	21
महासंघले	21
महिनाका	21
महिलातर्फ	21
मानिन्छ	21
मालिक	21
मिलेनियम	21
मुद्दालाई	21
मेरी	21
मेसीले	21
मोटर	21
मौका	21
म्यानेजमेन्ट	21
यु	21
योजनाअन्तर्गत	21
राज्यले	21
रात	21
रातो	21
राप्रपाकी	21
राष्ट्रका	21
रुख	21
रुपैयाँबाट	21
लाग्नेछ	21
लिएकी	21
लिगका	21
वान	21
विधेयकको	21
विपरीत	21
व्यापारी	21
शतक	21
शुरू	21
संस्थान	21
संहिता	21
सत्र	21
सत्रमा	21
सभाको	21
समयसीमा	21
समाजमा	21
समेटेको	21
सम्झौतापत्रमा	21
साल	21
सालको	21
सिजनका	21
सिजनमा	21
सुनवाई	21
स्तर	21
हटाइएको	21
हाउस	21
हितमा	21
हुनुअघि	21
२००९	21
३९०	21
8	20
अग्रिम	20
अधिकारको	20
अनुसन्धानबाट	20
अबको	20
अभियानका	20
अयोध्या	20
अर्थतन्त्रमा	20
आइएमई	20
आमाको	20
आयकर	20
आरोपको	20
इन्स्टाग्राममा	20
इपिएल	20
इलेक्ट्रिक	20
उजुरीकर्ताले	20
उद्योगले	20
उनीमाथि	20
उपलक्ष्यमा	20
एजेन्ट	20
एप	20
कमल	20
कर्नाटकका	20
कहाँ	20
कांग्रेसले	20
काठमाडौँका	20
कार्यतालिका	20
कार्यान्वयनको	20
केहि	20
क्लबको	20
क्लबलाई	20
गर्नुपर्दछ	20
गाउँपालिकामा	20
गुजरातको	20
चाल्न	20
चीनमा	20
छनौट	20
जनताका	20
जनहित	20
जाँदा	20
जाडो	20
जोडे	20
जोशी	20
टुंगिएको	20
ट्रान्सफर	20
डे	20
तल्लो	20
तारा	20
तालिम	20
तिनका	20
त्यतिबेला	20
दबाबमा	20
दाहालका	20
दिवसीय	20
देवेन्द्र	20
धनराज	20
धरौटीमा	20
नकारात्मक	20
नभएसम्म	20
नवराज	20
नहोस्	20
निमन्त्रणा	20
नियमअनुसार	20
निर्भर	20
न्यायाधीशद्वय	20
पर्दैन	20
पहलको	20
पुर्जी	20
पूर्वमन्त्री	20
प्रदीपकुमार	20
प्रदेशले	20
प्रदेशसभाका	20
प्रबन्धक	20
फौजदारी	20
बंगलादेशलाई	20
बनाउनेछ	20
बुटवल	20
बुद्ध	20
बुधबारको	20
बेंगलुरु	20
बेलायत	20
बैंकबाट	20
बोलाएर	20
भरतराज	20
भाइरल	20
भूकम्पबाट	20
भ्रष्टाचारको	20
मतका	20
मध्याह्न	20
मनोरञ्जन	20
महत्व	20
महानगरीय	20
महिलालाई	20
मागलाई	20
मानवीय	20
मानिएको	20
मुलुकलाई	20
मूलपानी	20
मेयरमा	20
मेरा	20
मोदीको	20
म्यानचेस्टर	20
यसअघिका	20
युरोपेली	20
रहेकी	20
राजा	20
राजेश	20
रिजालले	20
रेणु	20
लगाएर	20
लाइनमा	20
लाखभन्दा	20
लामिछानेको	20
लिंक	20
लिफ्ट	20
लिलामी	20
लेबल	20
वसन्त	20
विद्युत्को	20
वेबसाइट	20
शब्द	20
शाखाका	20
शासित	20
शेखर	20
संलग्नता	20
सत्य	20
सन्दीपले	20
समर्थनमा	20
समृद्धिको	20
साइकल	20
सातदोबाटोस्थित	20
सिधा	20
सिस्टम	20
सीबीआई	20
सीबीआईले	20
सेनामा	20
सोलार	20
स्टेशनका	20
स्तरको	20
स्पट	20
स्वर्गीय	20
हिनामिना	20
हेर्ने	20
होटलको	20
६५०	20
000	19
अंकको	19
अग्रणी	19
अग्रवालले	19
अङ्कले	19
अति	19
अत्यन्त	19
अन	19
अनावश्यक	19
अभियुक्तले	19
अमेरिकामा	19
आई	19
आईएएस	19
आगलागी	19
आफैले	19
आरोपीले	19
इमर्जेन्सी	19
उजुरीकर्तालाई	19
उत्पादित	19
उत्सव	19
उनीविरुद्ध	19
उनीहरूसँग	19
उपेन्द्र	19
उसलाई	19
एपिएफ	19
एमालेको	19
औसतमा	19
कन्टेनर	19
कल्पना	19
कागजातहरू	19
कार्यकर्ताले	19
कार्ययोजना	19
किन्नो	19
किलोमिटरको	19
किसानहरूलाई	19
क्रिस	19
क्लबबाट	19
खण्डन	19
खुद	19
खुद्रा	19
गएर	19
गन्तव्यमा	19
गरोस्	19
गर्छौं	19
गाउँपालिकाले	19
गार्हस्थ्य	19
गुणा	19
गुप्ताले	19
ग्रान्ड	19
घटनाहरू	19
घनश्याम	19
चर्को	19
चलिरहेको	19
चहलले	19
चीनका	19
जनसंख्या	19
जनसङ्ख्या	19
जय	19
जलस्रोत	19
जागिर	19
जान्छ	19
जापानी	19
जुनमा	19
झण्डै	19
झा	19
झूटो	19
टर्मिनल	19
टेलिकमले	19
ट्वीट	19
ढुवानी	19
तालमेल	19
तिवारीले	19
त्यही	19
दरखास्त	19
दर्जा	19
दलबीच	19
दिइरहेको	19
दिनु	19
दुवैले	19
दौड	19
दौडान	19
नमिल्ने	19
नेपालकी	19
नोएडा	19
पंचायत	19
पक्षलाई	19
पत्राचार	19
परिसर	19
परीक्षाको	19
परेपछि	19
पर्व	19
पाकिस्तानी	19
पाङ्ग्रे	19
पाठकले	19
पुग्नेछ	19
पुणेको	19
पुनरुत्थान	19
पूर्वसन्ध्यामा	19
पेरिस	19
प्रणालीलाई	19
प्रतिकूल	19
प्रदर्शनका	19
प्लेट	19
फिल्मको	19
फेसन	19
फोरजी	19
बङ्गालमा	19
बन्न	19
बाँडफाँड	19
बानेश्वरमा	19
बालबालिकाको	19
बीउ	19
बुबा	19
बोलाउने	19
ब्याट्सम्यानले	19
ब्यूरो	19
ब्लक	19
भाषण	19
भुजबलले	19
भेटवार्तामा	19
भैरहवा	19
मंगलबारको	19
मतगणनाको	19
ममता	19
मोर्चा	19
मोहन	19
यात्रुको	19
युएईले	19
योग्यता	19
रहा	19
राउन्ड	19
रानामगर	19
रेलको	19
रेस	19
रोकेका	19
लकडाउनको	19
लगानीकर्ताले	19
लड्न	19
लाइभ	19
लिङ्देनले	19
लेखेको	19
वर्षे	19
विधायकहरूलाई	19
विमानको	19
विरुद्धमा	19
व्यक्तिका	19
शाक्य	19
शिव	19
शुक्रवार	19
श्रेणीमा	19
संकटका	19
संकटको	19
सन्दिप	19
समयका	19
समाजका	19
समिट	19
समूहलाई	19
समृद्धि	19
सम्मिलित	19
सस्तो	19
साउद	19
साढे	19
सुधारका	19
सुवास	19
सेतो	19
सेन्ट	19
सोसल	19
स्नातक	19
हुनुपर्दछ	19
हेमन्त	19
हेलिकप्टर	19
२०११	19
२०१२	19
२०२६	19
२०७२	19
७५३	19
11	18
12	18
अगष्ट	18
अचानक	18
अद्वितीय	18
अध्यक्षता	18
अनुकूल	18
अनुसूचित	18
अन्तरिक्ष	18
अन्नपूर्ण	18
अप	18
अपमान	18
अपमानजनक	18
अपील	18
अफ्रिकी	18
अब्दुल	18
अभियुक्तलाई	18
अर्थतन्त्र	18
अष्ट्रेलिया	18
आदानप्रदान	18
आरक्षित	18
आर्ट	18
आवाज	18
इञ्चार्ज	18
इन्दिरा	18
उद्योगका	18
ऊर्जामन्त्री	18
एकाधिकार	18
एयरको	18
एयरबस	18
एसपीपी	18
ओलीको	18
कच्चा	18
कतारमा	18
कर्मचारीहरूको	18
कहिले	18
कारागार	18
कारोबारमा	18
कुलमान	18
केदार	18
केन्द्रलाई	18
केस	18
कोठामा	18
कोलकाता	18
क्याम्प	18
क्रेडिट	18
क्षतिको	18
खरीद	18
गठनको	18
गराउनुपर्ने	18
गरिरहेकी	18
गर्नेछिन्	18
गुजरातमा	18
ग्राहकलाई	18
घण्टाको	18
चण्डीगढमा	18
चतुरबहादुर	18
चाहन्छ	18
चिन्ह	18
चीजहरू	18
चीनले	18
चेन्नई	18
छुट्टाछुट्टै	18
छेउमा	18
जनवरीको	18
जनाविरुद्ध	18
जसरी	18
जागरूकता	18
जानेछ	18
टेक	18
ट्रेड	18
ट्रेडिङ	18
तुलना	18
त्रिपाठीले	18
थाइल्याण्ड	18
थाई	18
थिएटर	18
दर्ज	18
दललाई	18
दिइने	18
दिइरहेका	18
दिनेछन्	18
दिन्छन्	18
दिलाए	18
दुबई	18
दुवैलाई	18
देशभर	18
दोहोरो	18
नगरिएको	18
नवीन	18
नारा	18
नाराबाजी	18
निधनप्रति	18
निर्देशित	18
परशुराम	18
पवन	18
पाकिस्तानको	18
पाटनले	18
पार्टीसँग	18
पार्षद	18
पुरुषतर्फ	18
पेट्रोलमा	18
पोलिटब्युरो	18
पौडेलसँग	18
प्रगाढ	18
प्रमुखले	18
प्रयासको	18
प्रयासमा	18
प्रशान्त	18
प्रादेशिक	18
प्रायः	18
फिल्डिङ	18
फ्रान्स	18
बंगलादेशले	18
बनाएकी	18
बराबर	18
बहस	18
बाबजुद	18
बालबालिकालाई	18
बिग	18
बीएमसीका	18
बुधवार	18
बैंकर्स	18
बैंकहरूले	18
बैठकका	18
बोर्डमा	18
ब्वाइज	18
भगवा	18
भत्काउने	18
भावना	18
भ्याट	18
मनाइने	18
महानगरपालिकामा	18
महोत्सवमा	18
माननीय	18
मामले	18
मुख्यमन्त्रीमा	18
मुख्यालयमा	18
मौसमी	18
यकिन	18
यससँगै	18
यादवको	18
रसुवागढी	18
राख्छ	18
राजवंशी	18
रावले	18
राष्ट्रियसभामा	18
रेलमार्ग	18
रोहितकुमार	18
लडेका	18
लाग्न	18
लिनका	18
लैजाने	18
ल्याब	18
वकिल	18
वर्षमान	18
विज्ञ	18
विद्यार्थीको	18
वेबसाइटमा	18
वैध	18
व्यवस्थापनका	18
व्यवस्थापनमा	18
शक्तिशाली	18
शङ्कर	18
शर्माका	18
शल्यक्रिया	18
संरचनाहरू	18
सकियोस्	18
सगरमाथा	18
सदन	18
सदस्यहरूलाई	18
समयावधि	18
समाजको	18
समारोह	18
सम्झौताको	18
सम्बन्धको	18
सहयोगको	18
साउनदेखि	18
सातौं	18
सानेपामा	18
सिआइबी	18
सुस्त	18
सेवाहरू	18
स्टाफ	18
स्थापितले	18
हाई	18
हिट	18
हुनुका	18
हुनुभन्दा	18
हुनेमा	18
हेरिएको	18
होटलले	18
११०	18
२००४	18
२००८	18
15	17
अध्ययनका	17
अनन्त	17
अनाधिकृत	17
अन्तःशुल्क	17
अफिसर	17
अमेरिकन	17
अरुण	17
अर्डर	17
अस्पतालहरूमा	17
आइआइटी	17
आइपुगेका	17
आफूमाथि	17
आमन्त्रण	17
आयोगलाई	17
आरएसपी	17
आरोहण	17
आवको	17
इलेक्ट्रोनिक	17
उजुरीकर्ता	17
उठेका	17
उत्साहित	17
उद्योगलाई	17
उपचारमा	17
उपभोग्य	17
एकपटक	17
एनडीए	17
एयरले	17
एसोसिएट	17
ओमानमा	17
ओमानले	17
कन्ट्रोल	17
कलेजका	17
काँग्रेसको	17
काठमाडौंका	17
कामदारलाई	17
कृपया	17
केरला	17
कोषले	17
कौर	17
क्यारेबियन	17
क्षेत्रीले	17
खण्ड	17
खेलकुदमा	17
गतिविधिको	17
गतेभित्र	17
गर्भवती	17
गीता	17
गुमाएका	17
घटनाले	17
घटाइएको	17
चितवनको	17
चुनावका	17
च्यानल	17
छानिएका	17
जनाएपछि	17
जवान	17
जामनगर	17
टेनिस	17
टेलिभिजन	17
ट्वीटरमा	17
डलरको	17
डिभिजनल	17
ढल	17
तथ्याङ्कले	17
तरिका	17
तहत	17
तेक्वान्दो	17
त्यति	17
त्रैमासिक	17
थालेका	17
थालेपछि	17
दर्ताका	17
देखाइएको	17
देखाउन	17
नदीमा	17
नभए	17
नम्बरमा	17
नवौं	17
नामको	17
नि	17
नियुक्तिका	17
निराश	17
निर्देशनमा	17
निलम्बनमा	17
निशा	17
निषेध	17
नेतालाई	17
न्यायाधीशमा	17
पक्षको	17
पढेर	17
परियोजनाले	17
पाए	17
पालन	17
पुनरागमन	17
पोखराको	17
प्रज्ञा	17
प्रतिभा	17
प्रभावका	17
प्रशिक्षणका	17
प्रि	17
फ्रान्सेली	17
बच्चाहरू	17
बसेर	17
बाढी	17
बाधा	17
बिन्दु	17
बिपी	17
बोकेका	17
बोहरा	17
ब्युरो	17
भइसकेका	17
भलिबलमा	17
भविष्यको	17
भाइ	17
भाजपामा	17
भावनात्मक	17
भूकम्पपीडितको	17
भूमिकामा	17
मजिस्ट्रेट	17
मतपरिणामअनुसार	17
मधेस	17
मनाउने	17
मन्त्रिपरिषद्मा	17
महामारीको	17
महासङ्घ	17
माछा	17
माथिको	17
मानिसहरूको	17
माया	17
मार्गमा	17
मुख्यालय	17
मुद्राको	17
मृत्युको	17
मेगा	17
मोडल	17
मौसमका	17
यसपटक	17
यात्रुले	17
युरो	17
रहन	17
रहेर	17
राकांपा	17
राजधानीको	17
राजनीतिज्ञ	17
राजु	17
रिपोर्टमा	17
रेष्टुरेन्ट	17
रोकथाम	17
रोक्का	17
लगानीका	17
लाइफ	17
लाभान्वित	17
लिनु	17
लिम्बू	17
वकालत	17
विद्यालयहरूमा	17
विपक्षमा	17
विभागीय	17
विमानमा	17
विरुद्धको	17
विशेषगरी	17
विश्वभरका	17
विस्तारका	17
विस्तारको	17
वीर	17
शर्तमा	17
शर्माको	17
श्रमिकको	17
श्रीलङ्काका	17
षडयन्त्र	17
संक्रमणको	17
संज्ञा	17
संसद	17
संस्थामा	17
सञ्चालनको	17
सञ्जालमार्फत	17
सदस्यता	17
सदस्यसचिव	17
सन्देशमा	17
सफाइ	17
समयपछि	17
समुदायको	17
सम्बन्धका	17
सम्भार	17
सवा	17
सागर	17
साबित	17
साम्पाङले	17
सावित्रा	17
सिंगल	17
सिंहदरबारस्थित	17
सिजनको	17
सुरुआत	17
सेक्युरिटिज	17
सैन्य	17
स्थानहरूमा	17
स्वास्थ्यको	17
हङकङले	17
होगी	17
हौं	17
ह्यारी	17
८५०	17
अटो	16
अनिता	16
अनुशासन	16
अप्रिलमा	16
अबदेखि	16
अलराउण्डर	16
अल्बर्टो	16
अवकाश	16
अविनाश	16
असम्भव	16
अस्पतालले	16
आईटी	16
आकर्षक	16
आन्दोलनका	16
आफूहरु	16
आफूहरुको	16
आयातको	16
आयोजनाबाट	16
इस्ट	16
उदाहरणका	16
उपत्यकाको	16
उपयोग	16
उपलब्धि	16
एकताबद्ध	16
एकसाथ	16
एक्सप्रेसलाई	16
एन्टोनियो	16
एसएमएस	16
कच्छको	16
कदमले	16
कम्पनीहरूको	16
कम्प्लेक्समा	16
करोडको	16
काठमाडौंले	16
कामीले	16
कारोबारको	16
कार्कीको	16
कार्यहरू	16
कुँवरले	16
केजरीवाल	16
कोड	16
कोर्टमा	16
क्रिकेटप्रतियोगिताको	16
क्षमताका	16
खानी	16
गठबन्धनमा	16
गठबन्धनले	16
गरिदिएको	16
गर्थे	16
गान्धीले	16
गायक	16
गौतमबुद्ध	16
चर्चा	16
चुनौतीपूर्ण	16
छुट्याएको	16
जति	16
जनशक्ति	16
जनाउँदै	16
जरुरी	16
जाएगा	16
जापानका	16
जितिन्	16
ज्ञापनपत्र	16
टप	16
टिप्पणीको	16
डिफेन्डिङ	16
डुङ्गा	16
ड्राइभिङ	16
ड्राफ्ट	16
तनाव	16
तिर्ने	16
तिहारको	16
त्यसैगरी	16
थाइल्याण्डको	16
दर्जन	16
दायित्व	16
दाहाललाई	16
दि	16
दिइयो	16
दुर्गा	16
दूध	16
धर्ना	16
धर्मपत्नी	16
नगरप्रमुख	16
नवनिर्वाचित	16
नाइट	16
नाघेको	16
निकायमा	16
निकाल्न	16
निष्कर्ष	16
निष्पक्ष	16
नुन	16
नेतासँग	16
नेत्रविक्रम	16
नेपालस्थित	16
न्यूयोर्कमा	16
परम्परा	16
परिणामस्वरूप	16
परेमा	16
पशु	16
पाएकोमा	16
पाकिस्तानमा	16
पाठ	16
पार्छ	16
पुष्पा	16
पौडेललाई	16
प्यान	16
प्रकाशशरण	16
प्रगतिको	16
प्रतिव्यक्ति	16
प्रतिस्पर्धामा	16
प्रमुखपदका	16
प्रशिक्षकको	16
प्रेरणा	16
प्लेटफर्ममा	16
प्लेयर	16
फ्ल्याट	16
बदलामा	16
बनर्जीले	16
बनाएपछि	16
बनेकी	16
बलर	16
बलरले	16
बहानामा	16
बाइक	16
बिहानदेखि	16
बुझाएका	16
ब्याचका	16
भएदेखि	16
भएन	16
भाषणमा	16
भेटेका	16
मञ्चमा	16
मदिरा	16
मन्त्रीलाई	16
मराठा	16
मसँग	16
महर्जन	16
महसुल	16
महान्	16
महामन्त्री	16
महाशाखाका	16
महासचिवमा	16
महासमिति	16
मात्रामा	16
मुद्दाहरूको	16
मूल्यको	16
मेडिसिटी	16
मेलामा	16
मौखिक	16
मौसममा	16
याउँछ	16
याक	16
यातायातमन्त्री	16
यात्राका	16
यात्रुहरूको	16
युवालाई	16
योजनाहरूको	16
राजधानीका	16
राजन	16
राजस्थान	16
रातको	16
राष्ट्रवादी	16
रुबिना	16
रोगको	16
लगानीकर्तालाई	16
लन्च	16
ललितपुरमा	16
लाइनको	16
लुइस	16
विद्युत	16
विवाहको	16
विवेक	16
व्यवसायमा	16
शनिबारदेखि	16
संग	16
सकिंदैन	16
सक्दैनौं	16
सक्नुहुन्छ	16
सङ्ख्यामा	16
सचिवको	16
सडकको	16
सफलता	16
समापन	16
समुदायलाई	16
सम्पदा	16
सयौं	16
सरोकारवालाले	16
सल्लाह	16
सातामा	16
साधनमा	16
साल्ट	16
साहसिक	16
सिंहका	16
सिटमा	16
सिसीटिभी	16
सुजन	16
सुनाएको	16
सेन्टरमा	16
सोभन्दा	16
स्कोर	16
स्क्रिनिङ	16
स्टेशनको	16
स्थानका	16
स्थानको	16
स्वच्छ	16
हटाएर	16
हरि	16
हरियो	16
हाङझोउमा	16
हावा	16
हैसियतमा	16
२०२५	16
25	15
अक्सर	15
अङ्ग्रेजी	15
अनियमितता	15
अनुहार	15
अन्तरले	15
अपलोड	15
अभिव्यक्ति	15
अमृत	15
अली	15
अवस्थाको	15
अहिलेको	15
आईपीसी	15
आउँछन्	15
आठौँ	15
आदित्यनाथले	15
आयुक्तको	15
आवश्यकतालाई	15
आसपासका	15
इपिएस	15
उठाउने	15
उठेको	15
उपचारको	15
उपहार	15
उपाय	15
उहाँहरुबीच	15
एकेडेमी	15
एक्सप्रेस	15
एच	15
एयरलाइन्सका	15
एयरलाइन्सको	15
एसियाका	15
कन्स्ट्रक्सन	15
कपका	15
कम्तिमा	15
कामदारका	15
कार्यकालका	15
कार्यविधि	15
कार्यहरूको	15
कित्ता	15
कुरामा	15
कोर्ट	15
कोषाध्यक्ष	15
कौरले	15
क्यान्सरको	15
क्यारियर	15
क्यासिनो	15
क्वालिफायरमा	15
खरिदमा	15
खाँणले	15
खुल्न	15
खेर	15
खेलहरु	15
खोजीमा	15
गएपछि	15
गराइने	15
गर्दैनन्	15
गहन	15
गाउँहरूमा	15
ग्राहकको	15
चरा	15
चासोका	15
चाहिन्छ	15
चुक्ता	15
चेम्बर	15
छतमा	15
छपाइ	15
छोड्न	15
जर्मनी	15
जसअन्तर्गत	15
जापानमा	15
जितेन्द्र	15
जोगाउन	15
जोडीले	15
टावर	15
टिममा	15
डङ्गोलले	15
डिभाइस	15
डीसीपी	15
डेभलपमेन्ट	15
ढुङ्गाना	15
तटीय	15
तत्कालका	15
तिरेर	15
तैपनि	15
त्यसअघि	15
दलसँग	15
दिवसको	15
दुबै	15
दूधको	15
दूरीका	15
नजिकको	15
नपर्ने	15
नवीकरणीय	15
नसके	15
नहुँदा	15
नामिबिया	15
नामिबियाले	15
नियमहरू	15
निर्णायक	15
निवेदनमाथि	15
निशाना	15
निष्कर्षमा	15
नेट	15
नेताबीच	15
नेदरल्यान्ड्स	15
नेपालसँग	15
नेसनल	15
नेसन्स	15
न्यायालय	15
पदको	15
परिमाणमा	15
परेकी	15
परोपकारी	15
पाठेघरको	15
पार्थिव	15
पीडितलाई	15
पुर्याएको	15
प्रतिक्षा	15
प्रतिनिधिसभाका	15
प्रतिबन्धित	15
प्रतिबिम्बित	15
प्रतियोगिताअन्तर्गत	15
प्रतिशतसम्म	15
प्रत्याभूति	15
प्रवद्र्धनका	15
प्रवृत्ति	15
प्रशासक	15
प्रशिक्षकका	15
फाइल	15
फुड	15
बंगलादेशमा	15
बढेपछि	15
बनाउँदछ	15
बारम्बार	15
बितिसक्दा	15
बेल्ट	15
बेस्ट	15
ब्याक	15
ब्याडमिन्टन	15
भक्तपुर	15
भट्टाचार्यले	15
भत्ता	15
भारतबीच	15
भित्रिएको	15
भिन्सेन्जो	15
भ्रातृ	15
मतको	15
मनाउन	15
मराठी	15
महालक्ष्मी	15
महेन्द्र	15
माधव	15
मामिलामन्त्री	15
मिसन	15
मुख्यमन्त्रीलाई	15
मृतकका	15
यथावत	15
या	15
योग्यताको	15
रहँदै	15
राउतले	15
राखे	15
रामप्रसाद	15
राम्रोसँग	15
रुस	15
र्	15
लक्ष्यको	15
लिनेछन्	15
लेनको	15
वर्गको	15
वर्षौंदेखि	15
वित्तमन्त्री	15
विधायकले	15
विमल	15
विवादमा	15
विस्तारित	15
व्यावहारिक	15
शंका	15
शङ्का	15
शब्दहरू	15
शाक्यले	15
शाम	15
शिक्षण	15
संकल्प	15
संगठनले	15
संवाद	15
संस्करणका	15
संस्थानको	15
सत्ता	15
सदनको	15
सन्तप्त	15
सफलतापूर्वक	15
सबैको	15
समग्रमा	15
समस्याको	15
समस्यालाई	15
समारोहलाई	15
समेट्ने	15
सम्पत्तिमा	15
सम्भावनालाई	15
सर	15
सरकारविरुद्ध	15
सर्वसाधारणले	15
सहजीकरण	15
साथसाथै	15
सापकोटा	15
सिख	15
सीधै	15
सुटिङ	15
सुनुवाइका	15
स्थलगत	15
स्थानहरू	15
स्थितिमा	15
स्नातकोत्तर	15
स्वास्थ्यलाभको	15
स्विस	15
ही	15
हुए	15
होगा	15
१३२	15
२९५	15
2022	14
9	14
अ	14
अगस्टमा	14
अजय	14
अधिकारीबीच	14
अध्ययनरत	14
अनिश्चितकालका	14
अन्तर्गतका	14
अन्नामलाईले	14
अफ्रिकाका	14
अभियानलाई	14
अर्थतन्त्रको	14
अर्याल	14
अलमुताइरीले	14
असुरक्षित	14
आत्महत्या	14
आपूर्तिमन्त्री	14
आयरल्याण्ड	14
इकबाल	14
इकाई	14
इजरायल	14
इजरायली	14
इन्डोनेसिया	14
इन्स्टाग्राम	14
इन्स्पेक्टर	14
इभेन्ट	14
उद्देश्यका	14
उप	14
उपकरणहरू	14
उपकुलपति	14
उपाध्यायले	14
उसको	14
एक्लै	14
एनसीपीको	14
एनसेलको	14
एन्फाको	14
ओभलमा	14
ओमानलाई	14
ओमानसँग	14
ओलम्पिकमा	14
कन्ट्री	14
करोडभन्दा	14
कल्याणकारी	14
कार्गो	14
कार्यदल	14
कुछ	14
क्षेत्रले	14
क्षेत्रहरू	14
खेलाइनेछ	14
गठबन्धनकी	14
गतिको	14
गर्छिन्	14
गर्नबाट	14
गर्नुभन्दा	14
गुटका	14
गुलशन	14
गोलमा	14
घण्टासम्म	14
घिमिरेका	14
चाहनुहुन्छ	14
चाहे	14
चिकित्सक	14
चेन	14
चौडा	14
च्याम्पियन्स	14
छः	14
छक्काप्रहार	14
जनतामा	14
जनसम्पर्क	14
जनाउनेछन्	14
जसअनुसार	14
जाम	14
जुटेका	14
जोरा	14
जोशीले	14
ज्याला	14
झडप	14
झापा	14
टोलीबाट	14
ट्याङ्कर	14
ट्र्याक	14
ठाकुर	14
ठाकुरले	14
डेटा	14
तिर	14
तो	14
त्यहाँबाट	14
दशकमा	14
दिल्लीले	14
दुःखी	14
दुईवटा	14
दुर्गम	14
दुर्भाग्यपूर्ण	14
दूतावासका	14
द्रुत	14
नपाउने	14
नागरिकका	14
नाडा	14
निकट	14
निधनले	14
निवर्तमान	14
नेम्बाङको	14
न्यौपाने	14
पक्षका	14
पछाडिको	14
पटकको	14
पठाइनेछ	14
पठाएर	14
पदावधि	14
पब्जी	14
परिचयपत्र	14
परिवर्तनको	14
पर्यटकलाई	14
पशुपति	14
पाकिस्तानले	14
पायौं	14
पारदर्शिता	14
पारेर	14
पार्टीबाट	14
पुरस्कृत	14
पुलिसका	14
पूर्णरुपमा	14
पेरिसडाँडामा	14
पैदल	14
पोषण	14
प्रक्रियाबाट	14
प्रख्यात	14
प्रतिऔंस	14
प्रतिनिधिको	14
प्रतिनिधिमण्डल	14
प्रतियोगिताबाट	14
प्रधानमन्त्रीका	14
प्रभुराम	14
प्रमाणको	14
प्रवर्तन	14
प्रस्तावलाई	14
प्रा	14
प्राधिकरणलाई	14
प्रालि	14
प्रियंका	14
प्रोटोकल	14
फरवार्ड	14
फर्किएका	14
फ्लाइओभर	14
बजेर	14
बसिरहेका	14
बसेका	14
बसोबास	14
बहिनी	14
बहुमतले	14
बागवानी	14
बाटोमा	14
बिक्रीमा	14
बिजुलीको	14
बिरामीलाई	14
बैठकबाट	14
ब्रिगेड	14
भत्काउन	14
भर्त्सना	14
भान	14
भाना	14
भू	14
भोट	14
भ्यान	14
महंगो	14
महत्वाकांक्षी	14
महिलाहरूलाई	14
माउन्टेड	14
माग्ने	14
मार्गदर्शन	14
मालिकले	14
मिल्खा	14
मिश्रले	14
मीनबहादुर	14
मुखको	14
मुद्रास्फीति	14
मुस्लिम	14
मेलम्चीको	14
मेला	14
मेशिन	14
म्यान	14
याचिकाकर्ता	14
योगदानको	14
योगेश	14
राइस	14
राखिने	14
राज	14
राना	14
रावलले	14
राष्ट्रपतिबाट	14
राष्ट्रपतिलाई	14
रिसर्च	14
रुपैयाँबराबरको	14
रेजिडेन्ट	14
लक्ष्मण	14
लियोनल	14
ल्याएर	14
वडोदरा	14
वर्षहरुमा	14
वाइडबडी	14
वातावरणीय	14
वारेन्ट	14
वास्तवमै	14
विधायकहरू	14
विधायन	14
विप्लव	14
विमानस्थलले	14
विवादका	14
व्यवस्थाको	14
व्यवस्थापनको	14
व्यहोरेको	14
शर्मासँग	14
शिक्षामा	14
श्रीलङ्काको	14
श्रेणीका	14
श्रेष्ठका	14
संघको	14
संरचनामा	14
संवेदनशील	14
संस्कृतिको	14
संस्थागत	14
सञ्चितिमा	14
सञ्जालको	14
समयअनुसार	14
समस्याहरू	14
समावेशी	14
समृद्धिका	14
सम्पर्कमा	14
सवार	14
सांसदलाई	14
सामुदायिक	14
सार्कीले	14
सिनेमा	14
सीटबाट	14
सीतारमणले	14
सीमावर्ती	14
सेकेन्ड	14
सेकेन्डको	14
सेयर	14
सेवाबाट	14
स्क्यान	14
स्क्रिन	14
स्थानबाट	14
स्थानीयवासीले	14
स्थापनाका	14
हजारदेखि	14
हरु	14
हाइड्रोपावर	14
हिमाली	14
ीय	14
१३०	14
१८२	14
24	13
50	13
अत्याधुनिक	13
अनुचित	13
अनुपस्थित	13
अनुसरण	13
अन्त्यसम्म	13
अभिनेत्रीले	13
अर्थमन्त्रीले	13
असन्तुष्ट	13
अस्ट्रेलियन	13
अस्वीकृत	13
आँखा	13
आएकाले	13
आकस्मिक	13
आक्रमणमा	13
आचार्यको	13
आदित्य	13
आदिल	13
आप्रवाह	13
आफूसँग	13
आफूहरुलाई	13
आफूहरुले	13
आमनेसामने	13
आरक्षण	13
आरक्षणको	13
आश्चर्यजनक	13
इतिहासमै	13
इन्जिनियरिङ	13
इन्डिज	13
इम्बोस्ड	13
उठाउन	13
उडानबाट	13
उद्धारका	13
उपमहानगरपालिकाको	13
उपाधिका	13
उम्मेदवारका	13
एकजुट	13
एपिएफले	13
एफआइआर	13
एमआईएएलले	13
एमएनएस	13
एयरपोर्ट	13
एसएसपी	13
ओगटेको	13
ओभर	13
कँडेलले	13
कदमको	13
कर्मचारीहरूलाई	13
कलेजहरूमा	13
कस्तो	13
काठमाडौँस्थित	13
कानुनअनुसार	13
कार्बन	13
कार्यकर्ताको	13
कार्यकर्ताहरू	13
कालो	13
कुमारको	13
कुमारी	13
कुलदीप	13
कृतज्ञता	13
केजीमा	13
केन्द्रबाट	13
केन्द्रहरू	13
कौशल	13
क्यानको	13
क्रस	13
खबरले	13
खासै	13
खेतमा	13
खेलअघि	13
खेलिरहेका	13
खोज्न	13
गगन	13
गतिविधिहरू	13
गाउँपालिकाका	13
गान्धीको	13
गायकवाडलाई	13
गुजरातका	13
गुट	13
गेम	13
गोप्य	13
गोलरहित	13
ग्राउन्डेड	13
घण्टामा	13
घृणा	13
चन्द्र	13
चलाएका	13
चाइनिज	13
चामलको	13
चिनिने	13
चौकीमा	13
चौधरीलाई	13
छँदै	13
जग्गाको	13
जन	13
जनसंख्याको	13
जन्म	13
जन्मिएका	13
जर्मन	13
जवाफदेही	13
जहाजले	13
जा	13
जानकार	13
जीवित	13
जोड्दै	13
झाले	13
टाइम	13
टिमका	13
टेक्निकल	13
ट्रफी	13
ठाउँको	13
डीएमके	13
डीडीए	13
डोनाल्ड	13
ड्युटी	13
ढिलो	13
तथ्य	13
तयारीबारे	13
तस्बिर	13
ताजा	13
तिनीहरूको	13
तेलको	13
तेस्रोलिंगी	13
तोक्ने	13
थियौँ	13
दक्ष	13
दम्पतीले	13
दर्शन	13
दिइन्छ	13
दिएनन्	13
दीक्षान्त	13
दुबईमा	13
दुव्र्यवहार	13
दृष्टया	13
देखिएका	13
देवले	13
देशमुखले	13
नपाएको	13
नर्मदा	13
नहुन	13
नाकाबाट	13
नागरिकहरूको	13
निकायबाट	13
निगरानीमा	13
निजगढ	13
निर्णयलाई	13
निर्मला	13
निर्विरोध	13
निषेधाज्ञा	13
नोक्सानी	13
न्यायाधीशले	13
न्युजिल्यान्ड	13
पब्लिक	13
पम्प	13
परिवर्तनका	13
परिस्थितिमा	13
परीक्षणका	13
पर्यटकले	13
पहिरन	13
पाइएपछि	13
पाटिल	13
पाण्डेका	13
पाण्ड्याले	13
पिम्परी	13
पीसीआर	13
पुणेका	13
पुलिसलाई	13
पूरै	13
पूर्वाधारको	13
पूर्वानुमान	13
पेन्सन	13
प्रकार	13
प्रणालीअन्तर्गत	13
प्रतिनिधिसभाबाट	13
प्रदूषणको	13
प्रसङ्गमा	13
प्राइभेट	13
प्रार्थना	13
प्रोजेक्ट	13
फछ्र्यौट	13
फराकिलो	13
फिक्सिङको	13
फिरौती	13
फेज	13
फ्रिस्टाइलमा	13
बगैंचा	13
बङ्गाली	13
बच्चालाई	13
बदनाम	13
बहुमूल्य	13
बाढीले	13
बानेश्वरस्थित	13
बान्द्रा	13
बालिका	13
बिजनेस	13
बिस्तारै	13
बुँदे	13
बेपत्ता	13
ब्यूरोले	13
ब्रोकर	13
भएकोले	13
भएनन्	13
भरपर्दो	13
भाषाको	13
भुसाल	13
भूभागमा	13
भूमिकाका	13
भूमिकाको	13
भूमिको	13
भेटका	13
मजदुर	13
मझौला	13
मन्त्रालयअन्तर्गतको	13
मलेसियासँग	13
मसान्तभित्र	13
महराले	13
महात्मा	13
महोत्सवको	13
माउन्टेन	13
मानिसहरु	13
मास्टर	13
मितिमा	13
मिनेटको	13
मिनेटमै	13
मिलिमिटर	13
मुताइरीले	13
मेगावाटको	13
मेगावाटक्षमताको	13
मेयरका	13
मोडेल	13
मौलिक	13
यसबीचमा	13
यसो	13
यहाँको	13
याएका	13
यातायातको	13
योगफल	13
रक्सी	13
राज्यहरूमा	13
राणाले	13
रामसहायप्रसाद	13
रामेश्वर	13
राष्ट्रले	13
रुचि	13
रेकर्डमा	13
रोमाञ्चक	13
रोशन	13
लक्ष्यभन्दा	13
लगाइने	13
ला	13
लागेपछि	13
लापरबाही	13
लिटिल	13
लिनुपर्छ	13
लिन्छन्	13
लिम्बु	13
वक्तव्यमा	13
वल्र्ड	13
विकासलाई	13
वितरणमा	13
विद्यार्थीका	13
विद्यालयहरू	13
विपद्	13
विवरणअनुसार	13
विस्फोट	13
वीरगञ्जमा	13
वैधानिक	13
शतप्रतिशत	13
शर्त	13
शामिल	13
शाहीको	13
शिक्षकहरूको	13
शीर्षकमा	13
शेर्पाले	13
शैलजा	13
शोमा	13
श्रीराम	13
श्रृंखला	13
संयन्त्र	13
संरचनागत	13
संसदको	13
सकून्	13
सक्छु	13
सदनलाई	13
सदस्यहरूको	13
सदुपयोग	13
सन्तोष	13
सपा	13
सभाले	13
सम्मको	13
सरकारद्वारा	13
सहितको	13
सान्दर्भिक	13
साह	13
सिद्धारमैयाले	13
सिन्धुपाल्चोकको	13
सुटआउटमा	13
सुदृढ	13
सुर्खेत	13
सोसाइटी	13
स्कटल्याण्ड	13
स्क्याम	13
स्टेडियममा	13
स्टेशनहरू	13
स्टोर	13
स्तब्ध	13
स्तरीय	13
स्पेस	13
स्रोतको	13
स्वस्थ	13
स्वामित्व	13
हत्याको	13
हराउँदै	13
हालैका	13
हुनेछैन	13
हेरिरहेका	13
ित	13
०७	13
१४०	13
१५३	13
16	12
20	12
अगष्टमा	12
अजिज	12
अतिथि	12
अधिकारीहरूसँग	12
अध्ययनमा	12
अन्तर्गतको	12
अपहरण	12
अफ्रिकाको	12
अभियानले	12
अयोग्य	12
अर्थसचिव	12
आईपीसीको	12
आउँछ	12
आजका	12
आध्यात्मिक	12
आयुर्वेद	12
आरोहणका	12
आलु	12
आवर	12
आशावादी	12
आशिफ	12
आशिष	12
इञ्जिनीयरिङ	12
इन्जुरी	12
इन्स्योरेन्स	12
इस्टेट	12
उज्वेकिस्तानलाई	12
उद्यमी	12
उनीहरूविरुद्ध	12
उपसमिति	12
उपाध्याय	12
ऋणमा	12
एकनाथ	12
एकाइ	12
एनेसले	12
ओभरको	12
ओलीसँग	12
कंग्रेसका	12
कमिस्नर	12
कराँते	12
करारमा	12
कर्मचारीहरू	12
कल्याणको	12
कसले	12
काठमाडौंबाट	12
काठमाडौंस्थित	12
कार्यलाई	12
कार्यसमिति	12
कास्की	12
किए	12
किशोरीलाई	12
केहीले	12
कोलोनी	12
कोसिस	12
क्यानडामा	12
क्याबिनेट	12
क्रम	12
खड्काको	12
खण्डको	12
खत्री	12
खाने	12
खोजिरहेको	12
गगनकुमार	12
गठबन्धनलाई	12
गराउँदै	12
गरेबापत	12
गर्दछन्	12
गर्दैछौं	12
गर्नुहुन्छ	12
गर्नेलाई	12
गर्व	12
गाडीको	12
गिफ्ट	12
गेट	12
घटनापछि	12
घट्दै	12
घडीमा	12
घण्टापछि	12
घृणास्पद	12
घोटाला	12
चण्डीगढका	12
चर्चामा	12
चलाइरहेका	12
चलाएको	12
चाडबाडको	12
चाहँदैनन्	12
चाहिएको	12
चित्रसेन	12
चियापान	12
चोरीको	12
च्यासल	12
छलफलपछि	12
छवि	12
जगतापले	12
जमिनमा	12
जानकारीअनुसार	12
जापानले	12
जितमा	12
जुत्ता	12
जेपी	12
जेम्स	12
जोड्न	12
जोनमा	12
टोल	12
टोलीहरू	12
ट्रस्ट	12
डर	12
डरलाग्दो	12
डिफेन्डर	12
ढाँचामा	12
ढिला	12
ढिलासुस्ती	12
तमिलनाडु	12
तसर्थ	12
तहमध्ये	12
तातो	12
तापक्रममा	12
तिनले	12
तीनदिने	12
त्यसयता	12
त्यहाँका	12
थाल्यो	12
दान	12
दायरा	12
दिनयता	12
देउवासँग	12
धामीले	12
धोका	12
नगरपालिकाले	12
नगरमा	12
नर्भिक	12
नर्सिङ	12
नलिने	12
निदेशालय	12
निन्दा	12
निमित्त	12
निरुत्साहित	12
निर्देशकको	12
निर्दोष	12
निर्बाध	12
निर्यातको	12
निर्वाध	12
निस्सन्देह	12
नृत्य	12
पट्टा	12
परगना	12
परित्याग	12
परिपत्र	12
परिषद	12
परिसरको	12
पश्चिममा	12
पसंदीदा	12
पसलमा	12
पहिलेको	12
पहेँलो	12
पाण्डेको	12
पानीले	12
पाम	12
पार्टीकी	12
पीडब्ल्यूडी	12
पुगेकी	12
पुनःनिर्माण	12
प्यासिफिक	12
प्रकरणको	12
प्रतिकेजी	12
प्रतिनिधिमण्डलमा	12
प्रतिवेदनले	12
प्रयोगमा	12
प्राथमिकतामा	12
प्रावधानहरू	12
फरेन्सिक	12
फर्केपछि	12
फागुनमा	12
फास्ट	12
फुटबलर	12
फुल	12
फोनको	12
बंगलादेशका	12
बजेको	12
बडी	12
बढाउनेछ	12
बढीमा	12
बर्ड	12
बर्डफ्लु	12
बस्छन्	12
बहराइन	12
बहुपक्षीय	12
बाद	12
बालक	12
बालिकालाई	12
बाली	12
बितिसकेको	12
बिदाको	12
बिरामीको	12
बुझाउनुपर्ने	12
बुबाको	12
बुलेट	12
बैंकहरुको	12
बोटलिङ	12
बोरवेलमा	12
बोल्न	12
ब्याट्री	12
ब्यास	12
ब्रान	12
भट्टराईका	12
भनिए	12
भर्दै	12
भागका	12
भियतनाम	12
भीडलाई	12
भूकम्पपछि	12
मंगलवार	12
मङ्सिर	12
मछिन्द्र	12
मट्टितेलमा	12
मन्त्रीहरूको	12
मर्मतका	12
मर्माहत	12
मल्लको	12
महिनासम्म	12
माई	12
मामलामा	12
मालदा	12
मिश्र	12
मुलुकले	12
मोहाली	12
मौन	12
यती	12
याउनेछ	12
युएईको	12
युनियनका	12
युरिया	12
युरोप	12
योजनालाई	12
रक्षामन्त्री	12
रखरखाव	12
रङ्गशाला	12
रत्न	12
राजपा	12
राज्यपालको	12
राज्यपालले	12
राव	12
रावल	12
रेसकोर्सको	12
रोक्ने	12
रोजगारीमा	12
रौतहट	12
लक्ष्यका	12
लगाएपछि	12
लस	12
लाइसेन्सका	12
लाखौं	12
लु	12
लेबनान	12
लोकतन्त्रको	12
लोड	12
वरपरका	12
वातावरणमा	12
विक	12
वितरणका	12
विधाका	12
विनियोजित	12
विन्दुमा	12
विश्वकर्माले	12
विश्वविद्यालयबाट	12
विश्वविद्यालयमा	12
वृद्धिलाई	12
वेस्टर्न	12
व्यक्तिहरूले	12
व्याप्त	12
शंकर	12
शनिवार	12
शाखाले	12
शिक्षाको	12
शुभारम्भ	12
शृङ्खला	12
शोकसन्तप्त	12
श्रेय	12
संघले	12
संरचनाको	12
संस्थाहरूको	12
सके	12
सञ्चारमाध्यमले	12
सतर्कता	12
सद्भाव	12
सबैका	12
सभाका	12
सभामुखले	12
समकक्षी	12
समर्थकहरूले	12
समस्यामा	12
समुदाय	12
समुद्री	12
समूहबाट	12
सम्बद्ध	12
सरकारबीच	12
सरस्वती	12
सरिता	12
सरोकारवालाको	12
सहयोगीलाई	12
साँचो	12
साक्षी	12
साधनलाई	12
सिंगापुरलाई	12
सिके	12
सीमामा	12
सुदृढीकरण	12
सुरेशले	12
सेन्सेटिभ	12
सौरभ	12
स्कुल	12
स्टाम्प	12
स्टेसनको	12
स्तन	12
स्थल	12
स्रोतहरूले	12
स्वदेशी	12
स्वीकृतिका	12
हरिकृष्ण	12
हलिउड	12
हस्तक्षेपको	12
हानिकारक	12
हाफ	12
हुक्का	12
होने	12
१०५	12
११२	12
११५	12
११७	12
१८०	12
१८५	12
१९८९	12
21	11
अंकित	11
अञ्जन	11
अतिक्रमण	11
अधिकारीहरु	11
अधिग्रहणको	11
अनिलकुमार	11
अनुदानको	11
अन्तरदेशीय	11
अन्तरालमा	11
अपनाएको	11
अपरिहार्य	11
अपरेशन	11
अपर्याप्त	11
अबेर	11
अभावमा	11
अभिनेताले	11
अभ्यासको	11
अर्चना	11
अल्टिमेटम	11
अवतार	11
अवरोधका	11
अवस्थाका	11
अशोककुमार	11
अष्ट्रेलियन	11
असल	11
आइरहेका	11
आइसिसीको	11
आईएमडी	11
आउँदै	11
आएमा	11
आकाशमा	11
आक्रामक	11
आचारसंहिता	11
आचार्यका	11
आत्मनिर्भर	11
आधाभन्दा	11
आन्दोलनमा	11
आपूर्तिमा	11
आफैं	11
आभार	11
आव	11
इक्विटी	11
इजरायलको	11
इनिङ्समा	11
इन्डिजका	11
इन्भेस्टमेन्ट	11
इभीएम	11
इभेन्टमा	11
उजुरीको	11
उद्यम	11
उन्नत	11
उन्होंने	11
उपकप्तान	11
उपभोक्ताको	11
उपविजेताले	11
उपायहरूको	11
उमेरका	11
उमेश	11
उल्लङ्घनको	11
ऋणपत्र	11
एआईजी	11
एक्सप्रेससँग	11
एजेन्सीको	11
एनएच	11
एमालेकी	11
एम्स	11
एयरवेजले	11
एशियन	11
एशोसिएशनका	11
एशोसिएशनले	11
एसआइटीले	11
एसटी	11
एससी	11
एसी	11
ऐनलाई	11
ओपनिङ	11
ओलीलाई	11
क	11
कक्ष	11
कझगम	11
कटिबद्ध	11
कदर	11
कन्सर्ट	11
कमलसिंह	11
कमिटीले	11
कमिसन	11
कम्पनीहरूलाई	11
करमा	11
कर्माछिरिङ	11
कलकत्ता	11
कलेक्टर	11
कलेजमा	11
कसुर	11
काउन्टर	11
कामपाको	11
कार्कीलाई	11
कार्यका	11
कार्यभार	11
कार्यवाही	11
किङ्स	11
किनारमा	11
किसानहरूले	11
किस्ता	11
कुँवर	11
कुराहरू	11
कुवेतलाई	11
कृषिमा	11
कोटा	11
कोस्टल	11
क्रमिक	11
क्षतिग्रस्त	11
क्षतिपूर्तिको	11
ख	11
खतरनाक	11
खुट्टामा	11
खेललाई	11
खोज्ने	11
गएराति	11
गराएपछि	11
गरिएकोमा	11
गर्भपतन	11
गायिका	11
गार्ड	11
गुटलाई	11
गुटेर्रेसले	11
गुणस्तरको	11
गुप्ता	11
गृहमन्त्रीले	11
गौतमको	11
ग्यारेन्टी	11
ग्यालरी	11
घटनालाई	11
घरहरू	11
घिसिङ	11
चलो	11
चारदिने	11
चारवटा	11
चिन्तक	11
चेम्जोङले	11
च्याम्पियनसिपअन्तर्गत	11
छठ	11
छली	11
छाता	11
छानबिनको	11
छूट	11
छोराको	11
जटिल	11
जनप्रतिनिधिलाई	11
जनाउन	11
जर्सी	11
जाति	11
जिताउन	11
जैन	11
जैनले	11
जोडिएका	11
ज्ञानेन्द्रबहादुर	11
झापाको	11
झिनो	11
झुटो	11
टर्किस	11
टाउन	11
टाटा	11
ट्रान्सपोर्ट	11
ट्रायल	11
ट्रिलियन	11
ठेकेदारले	11
डिस्चार्ज	11
डेरी	11
ढकालका	11
तथ्यांक	11
तरुण	11
तल्लामा	11
तिनको	11
तिमिल्सिना	11
तैनाथ	11
तोकेका	11
त्यसले	11
थपिएको	11
दफावार	11
दशैँ	11
दानबहादुर	11
दायरामा	11
दिइसकेको	11
दुःखद	11
दुईले	11
देवी	11
देशकै	11
देशहरूमा	11
धक्का	11
धनगढीमा	11
नगरेका	11
नचाहेको	11
नपाइने	11
नबताउने	11
नमो	11
नर्मदाको	11
नसकिएको	11
नाकामा	11
नामले	11
नामिबियासँग	11
निकाल्ने	11
निको	11
नियुक्तिको	11
निरौला	11
निवासको	11
निष्कासन	11
नीतिअनुसार	11
नीतिमा	11
नेटवर्क	11
नेताहरू	11
नेताहरूको	11
नेतृ	11
नेशनल	11
नो	11
नोयडा	11
न्यायमूर्ति	11
न्यायालयको	11
न्युगिनीलाई	11
पंकजविक्रम	11
पढ्नुहोस्	11
पदहरूको	11
पदार्थमा	11
पदोन्नति	11
पराजुलीले	11
परियार	11
परिवारजनमा	11
परीक्षणमा	11
परे	11
पर्दछन्	11
पाठक	11
पायो	11
पीसीएमसी	11
पुछारमा	11
पुणेमा	11
पुरोहितले	11
पूर्वअध्यक्ष	11
पूर्वअर्थमन्त्री	11
पैसाको	11
प्याकुरेलले	11
प्याकेज	11
प्रचुर	11
प्रणालीले	11
प्रतिकिलो	11
प्रतिबन्धको	11
प्रतियुनिट	11
प्रतिशतबाट	11
प्रतिष्ठानको	11
प्रतिस्पर्धात्मक	11
प्रदर्शनीमा	11
प्रवेशमा	11
प्राचीन	11
प्रालिले	11
फल	11
फारम	11
फिफाले	11
फुयाँलले	11
फेसबुकमा	11
बक्स	11
बङ्गालकी	11
बच्चाहरूको	11
बजारका	11
बन्यो	11
बलको	11
बलेन	11
बहुमत	11
बाँडफाँडको	11
बायाँ	11
बाराको	11
बालुवाटार	11
बिन	11
बीएमसीलाई	11
बुझाउने	11
बुबालाई	11
बेइजिङ	11
बेच्ने	11
बैंकबीच	11
बैंकहरुलाई	11
बैङ्कमा	11
बोइङ	11
बोक्ने	11
बोनस	11
भएँ	11
भएकामा	11
भदौमा	11
भरत	11
भविष्य	11
भारद्वाजले	11
भारुमा	11
भावनामा	11
भित्र्याउने	11
भूकम्पले	11
भोजन	11
भोलिदेखि	11
भौगोलिक	11
मंगलबारदेखि	11
मङ्गलबारदेखि	11
मध्यपहाडी	11
मनपर्ने	11
मनसाय	11
मनसुन	11
मन्त्रालयसँग	11
मर्जर	11
महत्वकांक्षी	11
महाधिवेशन	11
महाशाखाले	11
महिलाहरू	11
महिलाहरूको	11
माइतीघर	11
माग्न	11
माध्यम	11
मान्न	11
मान्य	11
मिटरको	11
मिनेटपछि	11
मूर्ति	11
मूल्याङ्कन	11
मेधावी	11
मेलबर्न	11
मैं	11
मोरङको	11
यसपछि	11
याचिकाकर्ताहरूले	11
युट्युब	11
युवाको	11
युवाले	11
यूबीटी	11
योजनाअनुसार	11
रनरअप	11
राख्नुपर्ने	11
राणा	11
रानामगरले	11
रूखहरू	11
रेग्मीले	11
रेडियो	11
रेस्पोन्स	11
रोजगारीको	11
र्याली	11
लगानीमा	11
लगेर	11
लण्डनमा	11
लभ	11
लागिपरेको	11
लामालाई	11
लामाले	11
लामिछानेविरुद्ध	11
लुक	11
लुधियाना	11
लेखापरीक्षण	11
लेनमा	11
लैङ्गिक	11
लोक	11
वर्णन	11
वस्तुहरू	11
वाङ	11
वाराणसी	11
वार्तामा	11
वार्षिकोत्सव	11
वाहन	11
विकासमन्त्री	11
वितरणको	11
विद्यावारिधि	11
विद्वान	11
विधेयकमाथिको	11
विनाशकारी	11
विभागबाट	11
विभागसँग	11
विमानबाट	11
विराट	11
विवादित	11
विवेकशील	11
विश्वकर्मा	11
विश्वमा	11
विश्वम्भरप्रसाद	11
विश्वविद्यालयका	11
विषयको	11
वीरेन्द्र	11
वैशाखमा	11
व्यवस्थाअनुसार	11
व्यापारमा	11
व्यास	11
शरीरलाई	11
शान्तिपूर्ण	11
शिविरमा	11
शेर्पा	11
श्रमिकलाई	11
सँधै	11
संगीता	11
संयन्त्रको	11
संवत्	11
सकेर	11
सङ्गीत	11
सचिन	11
सदस्यसँग	11
सन्तुलन	11
सन्तुलित	11
सफलताको	11
समक्ष	11
सम्झौताले	11
सम्बोधनमा	11
सम्मेलनका	11
सम्हालेका	11
सर्वसाधारणका	11
सर्वेक्षणको	11
सशक्त	11
सहमहामन्त्री	11
सांसदहरुले	11
साट्न	11
सामग्रीको	11
सामान्यभन्दा	11
सारा	11
साहले	11
सिविल	11
सुनचाँदीका	11
सुनेको	11
सुरुङको	11
सुर्तीजन्य	11
सुवेदीलाई	11
सुशील	11
सोधेका	11
सोमवार	11
स्कूलको	11
स्कूलमा	11
स्टेशनहरूमा	11
स्तरका	11
स्वाद	11
हम	11
हरियाणाको	11
हर्नी	11
हवल्दार	11
हवाला	11
हाउजिङ	11
हातमा	11
हानि	11
हिउँदे	11
हिक्मतकुमार	11
हिमाचल	11
हिल	11
हिसाबले	11
हेरिटेज	11
हौँ	11
ह्याक	11
०१	11
०७८	11
१०८	11
११४	11
१२५	11
१७०	11
१७५	11
२००७	11
२१५	11
२८२	11
३६०	11
३६५	11
३८५	11
५५०	11
com	10
अगली	10
अग्लो	10
अङ्क	10
अडिट	10
अदालतबाट	10
अधिकारकर्मी	10
अधीनमा	10
अध्ययनको	10
अनुपस्थितिमा	10
अनुभवी	10
अन्सारी	10
अफर	10
अभियुक्तहरू	10
अभियोजन	10
अभिलेखअनुसार	10
अम्बेडकरको	10
अराजकता	10
अल्पकालीन	10
अवसरहरू	10
अवहेलना	10
अवार्डका	10
अविस्मरणीय	10
असमानता	10
असहमति	10
अस्पतालबाट	10
अस्वस्थ	10
अहमदले	10
आगजनी	10
आजकल	10
आपत्तिजनक	10
आयातका	10
आरोपपत्र	10
आरोपलाई	10
आर्जन	10
आवंटित	10
आवधिक	10
आशामा	10
इंग्ल्यान्ड	10
इञ्जिनीयर	10
इन्गेजमेन्ट	10
उत्खनन	10
उपकरणको	10
उपमहानगरपालिकाका	10
उपयोगिता	10
उपयोगी	10
उपलब्धता	10
उभिएका	10
उर्फ	10
उही	10
एक्स्पो	10
एचपीभी	10
एफ	10
एसएचओ	10
औजार	10
कक्षमा	10
कडाइ	10
कतारका	10
कन्नूर	10
कन्फरेन्समार्फत	10
कमर्श	10
कमाएका	10
कम्पनीहरूले	10
कर्नाटकको	10
कर्मचारीहरूले	10
कलाको	10
कलात्मक	10
काका	10
कामपामा	10
कारकहरू	10
कार्यकर्ताहरूले	10
कार्यसमितिका	10
किनेका	10
किमी	10
कीर्तिमानी	10
कुवेतसँग	10
कोइरालाको	10
कोइला	10
कोयम्बटूर	10
कोर	10
कोरियाली	10
क्याच	10
क्याडरका	10
क्यानडाका	10
क्यालिब्रेसन	10
क्लिनिक	10
खतरामा	10
खतिवडाको	10
खन्नाले	10
खानको	10
खान्छ	10
खेले	10
खेलेपछि	10
खोजिरहेका	10
खोजेका	10
खोपको	10
गंगा	10
गतेका	10
गतेसम्मका	10
गरिए	10
गुरुवार	10
गुलसन	10
गेटमा	10
गेमिङ	10
गोरखा	10
गौरव	10
गौरवान्वित	10
गौरिका	10
ग्राहक	10
ग्रीन	10
ग्रेट	10
घटनाहरूको	10
घट्दो	10
घट्ने	10
घुँडा	10
घोष	10
चन्दका	10
चन्द्रशेखर	10
चलचित्रमा	10
चलाउन	10
चारै	10
चालेका	10
चिकित्सकले	10
चित्रण	10
चिनिन्छ	10
चौकी	10
छोडेका	10
छोरीको	10
जनजाति	10
जनसङ्ख्यामन्त्री	10
जनाइएको	10
जनाउने	10
जलविद्युत	10
जहाँसम्म	10
जहाजमा	10
जांच	10
जाएगी	10
जान्छन्	10
जालसाजी	10
जोडो	10
ज्ञात	10
झारिएको	10
झुण्डिएको	10
झूटा	10
टंकलाल	10
टनेल	10
टाइटल	10
टावरहरू	10
टिकटक	10
टिकटमा	10
टिप्पणीका	10
टिमबाट	10
टुर	10
ट्याक्सी	10
ट्याटु	10
ट्रमा	10
ट्रेल	10
डरले	10
डाउन	10
डिपो	10
डिभिजनमा	10
डेडिकेटेड	10
ड्राइभ	10
ढकालको	10
ढाँचा	10
ढाका	10
ढाकामा	10
तपाईले	10
तमिल	10
तापमान	10
तालिकामा	10
तिरेको	10
त्यसपछिको	10
त्रुटि	10
थापाको	10
थिइनँ	10
थोरै	10
दरका	10
दरबन्दी	10
दलहरूले	10
दशकभन्दा	10
दाङ	10
दिनभित्रै	10
दिपेश	10
दिवंगत	10
दिशानिर्देशहरू	10
दिसंबर	10
दुग्ध	10
दुग्धजन्य	10
दुर्लभ	10
दुवैको	10
दूतावास	10
दृश्य	10
देउवालाई	10
देखिएकी	10
देखेपछि	10
देखेर	10
देशबाट	10
दोष	10
दोषीलाई	10
द्रविड	10
द्रुतमार्ग	10
द्वारका	10
धनुषाको	10
धरौटी	10
धान्न	10
ध्वनि	10
नगरेसम्म	10
नभएका	10
नभएपछि	10
नवनिर्मित	10
नाराका	10
नासिक	10
निकायसँग	10
निजगढमा	10
निधनको	10
निम्त्याएको	10
नियन्त्रक	10
नियममा	10
नियोग	10
निरुपण	10
निरौलाले	10
निर्जीवन	10
निर्देशनअनुसार	10
नीतिका	10
नेगेटिभ	10
नैतिक	10
न्यायालयलाई	10
न्यूनीकरण	10
पंकज	10
पटकका	10
पटेलको	10
पटेललाई	10
पण्डितले	10
पतिले	10
पत्रकारहरूसँग	10
पदमुक्त	10
पदहरूमा	10
परमार	10
परिदृश्यमा	10
परिभाषित	10
परियारले	10
परिवारसँग	10
परिषद्का	10
परीक्षकको	10
पर्खिरहेका	10
पर्साको	10
पाइपलाइनको	10
पाउँदै	10
पाएनन्	10
पाटन	10
पाठ्यक्रम	10
पासपोर्ट	10
पिछले	10
पीडितले	10
पुग्छ	10
पुनर्विचार	10
पुर्पक्षका	10
पूँजीगत	10
पूरक	10
पृष्ठको	10
पृष्ठभूमिमा	10
पेजमा	10
पोखराका	10
पौडी	10
प्रकाशमा	10
प्रतिघण्टा	10
प्रतिज्ञा	10
प्रतिबन्धका	10
प्रतिष्ठानमा	10
प्रयोगको	10
प्रवाहमा	10
प्रवीण	10
प्रिन्स	10
प्लान्टको	10
प्लेअफमा	10
फण्ड	10
फर्मलाई	10
फूल	10
फ्रेन्च	10
बजेटमाथिको	10
बजेटलाई	10
बज्राचार्यले	10
बताएपछि	10
बनाउनु	10
बन्नेछ	10
बरु	10
बर्मा	10
बसको	10
बसमा	10
बस्नुपर्ने	10
बाँडफाँडका	10
बागलुङ	10
बादल	10
बारा	10
बालिकाको	10
बिताएको	10
बिहानको	10
बीकेयू	10
बेरुजु	10
बोर्डिङ	10
भक्तपुरमा	10
भनिने	10
भनिन्छ	10
भयौं	10
भागहरूमा	10
भाडाको	10
भिजिबिलिटी	10
भुटानसँग	10
भूकम्पका	10
भेटेको	10
भोग्नुपरेको	10
भ्वाइस	10
मगर	10
मतदाताको	10
मतदातालाई	10
मदन	10
मध्यरातमा	10
मनी	10
मन्दिरमा	10
मर्जरको	10
मर्मतको	10
मल्ललाई	10
मसान्तसम्मको	10
मस्यौदामा	10
मस्र्याङ्दी	10
महँगा	10
महत	10
महा	10
महासभामा	10
महिलाहरूले	10
माइनस	10
मादक	10
मानिसलाई	10
मार्चको	10
मार्चदेखि	10
मार्शल	10
मालिकहरूले	10
माल्दिभ्सको	10
मिल	10
मिले	10
मेयरको	10
मेरिट	10
मैला	10
मोडमा	10
मोदीलाई	10
मौसमको	10
म्याराथन	10
म्यासेज	10
यता	10
यमुना	10
यसअघिको	10
यसबारे	10
युएईमा	10
योगी	10
योजनाले	10
रणमा	10
रमाइलो	10
राइट	10
राईलाई	10
राउण्ड	10
राउतलाई	10
राख्नु	10
राजदूतले	10
राजपत्रमा	10
राजमार्गको	10
राजमार्गमा	10
राज्यसभा	10
रानाले	10
राष्ट्रपतिका	10
राहतको	10
रिच	10
रिजाल	10
रुपैयाँसम्मको	10
रे	10
रेड्डीले	10
रेफ्री	10
रेलहरू	10
रोकथामका	10
रोकिएका	10
लकडाउनका	10
लगे	10
लाग्दा	10
लिइन्	10
लेखे	10
लेटर	10
लोकेश	10
वडाको	10
वडाध्यक्षमा	10
वरियता	10
वर्षकी	10
वर्षायाममा	10
वाम	10
विगतको	10
विजेताको	10
विधायकलाई	10
विधि	10
विधेयकलाई	10
विभाजित	10
विमला	10
विमानलाई	10
विमानले	10
विराटनगरमा	10
विरोधका	10
विरोधको	10
विश्वकै	10
विसंगति	10
वृद्ध	10
वृद्धिले	10
वे	10
व्यायाम	10
शालिग्राम	10
शाहको	10
शाहिद	10
शीर्षक	10
शीर्षकको	10
शुद्ध	10
शेट्टीले	10
श्रमिकले	10
श्रीलङ्काले	10
संकटलाई	10
संख्याको	10
संगठनका	10
संरचनालाई	10
संसद्ले	10
सधैँ	10
सनराइजर्स	10
सन्देशसहित	10
सन्यास	10
सन्यासको	10
सप्तरी	10
सबका	10
सबैमा	10
समानुपातिक	10
समारोहबीच	10
समुद्र	10
सम्पत्तिहरू	10
सम्हाल्नेछन्	10
सरल	10
सर्भिस	10
सर्वसाधारणको	10
सर्वेक्षणमा	10
सहजै	10
सहप्रवक्ता	10
साटासाट	10
सातापछि	10
सातासम्म	10
सारेको	10
सार्की	10
सिँचाइ	10
सिंहसँग	10
सिटका	10
सिटीका	10
सिद्धान्त	10
सिद्धार्थ	10
सिपिएल	10
सिफारिसका	10
सिरहा	10
सुचारु	10
सुदन	10
सुनील	10
सुपथ	10
सुपरिटेन्डेन्ट	10
सुरत	10
सुरुङमा	10
सुविधाको	10
सूचनाअनुसार	10
सूचनाको	10
सूर्य	10
सेवाहरूको	10
सैद्धान्तिक	10
स्टेजमा	10
स्ट्यान्डर्ड	10
स्थापितलाई	10
स्थितिको	10
स्पोर्टस्	10
स्वचालित	10
स्वतः	10
स्वतन्त्रता	10
हकमा	10
हजारसम्म	10
हदसम्म	10
हस्तकला	10
हाते	10
हानेर	10
हावाको	10
हिंसा	10
हिंसाको	10
हिमपात	10
हिमपातको	10
हुसेनले	10
हृदयाघात	10
हेटौँडा	10
हेल्थ	10
ह्वाइट	10
ह्वाट्सएप	10
०५	10
१०१	10
१०३	10
११९	10
१६०	10
१६४	10
१६७	10
२००२	10
२०६४	10
२०७८	10
२८५	10
५०६	10
13	9
14	9
23	9
31	9
अंग	9
अग्नि	9
अग्रवाल	9
अथोरिटी	9
अधिकृतमा	9
अधिनियमको	9
अध्यक्षका	9
अध्यक्षले	9
अनि	9
अनुपात	9
अनुबन्धित	9
अनुसन्धानपछि	9
अनौपचारिक	9
अन्तक्र्रिया	9
अन्तमा	9
अन्तरालपछि	9
अन्तर्वार्तामा	9
अन्याय	9
अपराधका	9
अबेरसम्म	9
अभिनन्दन	9
अभियानअन्तर्गत	9
अभियुक्तहरूले	9
अभिव्यक्तिको	9
अमृता	9
अमेरिकाले	9
अरेबिया	9
अर्थतन्त्रका	9
अलावा	9
अवज्ञा	9
अवैतनिक	9
अस्तित्व	9
अस्तित्वमा	9
अस्मिना	9
आइपुग्ने	9
आईजीपी	9
आक्रमणका	9
आधुनिकीकरण	9
आयको	9
आयोजनालाई	9
आरोग्य	9
आर्टिफिसियल	9
आवश्यकताको	9
आवेदकको	9
इँटा	9
इन्डेक्स	9
इन्डोर	9
इमर्जिङ	9
इसे	9
ईएसएम	9
ईएसएमको	9
ईश्वर	9
उच्चपदस्थ	9
उठाउँदै	9
उत्पादनका	9
उत्पादनलाई	9
उद्यमशीलता	9
उद्योगपति	9
उपभोक्तालाई	9
उपसभामुख	9
उभिएको	9
उम्मेदवारहरूको	9
एएफसीले	9
एकडमा	9
एकतर्फी	9
एकमात्र	9
एकाइले	9
एके	9
एक्समा	9
एक्सिलेन्स	9
एडिबी	9
एन्टी	9
एन्फालाई	9
एफसीआरए	9
एमएसएमई	9
एमिकस	9
एलपी	9
एलिवेटेड	9
एसएमसीका	9
एसीबीका	9
एसोसिएसन	9
ऐनअन्तर्गत	9
ऐनले	9
ओम	9
कँडेल	9
कंग्रेस	9
कंग्रेसको	9
कञ्चन	9
कठोर	9
कडाइका	9
कनेक्टिभिटी	9
कपुर	9
कर्जाको	9
कर्नाटकमा	9
काँग्रेसबाट	9
काट्ने	9
कानूनले	9
काफ्लेले	9
कामपाका	9
कामपाले	9
कारणवश	9
कार्डी	9
कार्यकक्षमा	9
कार्यमा	9
कालीगण्डकी	9
कास्ट	9
किरातीले	9
किसानहरू	9
कुकुरको	9
कुखुरा	9
कुपोषित	9
कुमाल	9
कुवेतमा	9
कुवेतले	9
केयर	9
केरलाको	9
केरा	9
केरागोडु	9
कैलाश	9
कोरियामा	9
कोलाबा	9
क्यापिटल्सले	9
क्वारेन्टिनमा	9
क्वालिफायर	9
क्षण	9
क्षेत्रफलमा	9
क्षेत्राधिकार	9
खड्काका	9
खर्चका	9
खसेर	9
खिचेका	9
खिलाफ	9
खेलाडीसँग	9
खेलाडीहरूको	9
खेलिरहेको	9
खोला	9
ख्याल	9
गङ्गालाल	9
गतिरोध	9
गतिविधिका	9
गराउनुभयो	9
गराउनेछ	9
गरिब	9
गरिरहनुभएको	9
गर्नुप	9
गाईको	9
गाउँलेले	9
गाडीमा	9
गिरफ्तारी	9
गिरीलाई	9
गिरोहका	9
गीतको	9
गुण	9
गुरुङको	9
गोकुलपुरी	9
गोहिलले	9
घडी	9
घनिष्ठ	9
घाइतेको	9
घुम्न	9
घोटालामा	9
घोडाहरू	9
चन्दा	9
चन्द्रपुर	9
चर्च	9
चलचित्रको	9
चाइना	9
चाखलाग्दो	9
चार्ज	9
चार्ल्स	9
चालकलाई	9
चिकित्सकको	9
चिकित्सकीय	9
चिया	9
चीनबीचको	9
चुनौतीहरूको	9
चुहावट	9
चोक	9
चौकाप्रहार	9
च्यारिटी	9
च्यालेन्जर्स	9
च्यासलमा	9
च्यासलस्थित	9
छगन	9
छोरालाई	9
जगदीश	9
जनधनको	9
जनप्रतिनिधि	9
जनावरहरूको	9
जमिनको	9
जर्ज	9
जर्मेन	9
जहिले	9
जाइका	9
जानीजानी	9
जितको	9
जिम्बाब्वे	9
जीएमसीएच	9
जीर्ण	9
जैविक	9
ज्ञानवापी	9
झिक्न	9
टम	9
टर्कीको	9
टेकप्रसाद	9
ट्रान्जिट	9
ट्विटरमा	9
ठक्कर	9
ठाणे	9
डाँगीले	9
डाइरेक्टर	9
डाउनलोड	9
डाक्टर	9
डाक्टरले	9
डायल	9
डि	9
डिजाइनर	9
डिल्ली	9
डीएमआरसीले	9
डेरा	9
ढुंगाना	9
तटस्थ	9
तथ्यको	9
तमिलनाडुका	9
तस्करीको	9
तस्वीर	9
तामाङलाई	9
तालमा	9
तालिकाअनुसार	9
ताल्चा	9
तिर्नुपर्छ	9
तिहारमा	9
तीनवटा	9
तुल्याउन	9
तोडफोड	9
तोडेका	9
त्रासका	9
थपलियाले	9
थपेको	9
थापाका	9
थीम	9
थुनामुक्त	9
थेरापी	9
दर्ताको	9
दर्शकको	9
दर्शकले	9
दशक	9
दशकको	9
दशकदेखि	9
दशैं	9
दिनभर	9
दिनुको	9
दिलाउन	9
दुर्घटनाको	9
दुर्भाग्यवश	9
दुर्व्यवहार	9
दूरीको	9
दूरीमा	9
दृष्टिकोणको	9
दृष्टिगत	9
देखिएकाले	9
देशव्यापी	9
धनी	9
धर्म	9
धारण	9
धाराहरू	9
ध्रुव	9
ध्वस्त	9
नजिकबाट	9
नराम्रो	9
नागरिकहरूले	9
नारायणप्रसाद	9
निक्षेपको	9
निदान	9
निर्णयपछि	9
निर्णयप्रति	9
निर्णयबारे	9
निर्देशिकामा	9
निर्मित	9
निवेदनको	9
निस्केका	9
निस्केको	9
नीतिले	9
नेतृत्वले	9
नेदरल्याण्ड्स	9
नेपालगञ्जबाट	9
नेपालीका	9
नेम्बाङले	9
नोडल	9
न्यायाधीशका	9
न्यून	9
न्यूयोर्क	9
न्यौपानेले	9
पक्कै	9
पछ्याउने	9
पत्रको	9
पदम	9
परिचय	9
परीक्षणहरू	9
परेर	9
पर्यटनमन्त्री	9
पाइयो	9
पाइरहेका	9
पाठ्यक्रमहरू	9
पार्नुभयो	9
पाल	9
पी	9
पीएम	9
पीडितको	9
पीडितहरूलाई	9
पुनर्गठन	9
पुष्पलाल	9
पूर्वनिर्धारित	9
पूर्वराजा	9
पूर्वाधारका	9
पेन	9
पोखरेलका	9
पोल्ट्री	9
प्रकृति	9
प्रकृतिको	9
प्रचलित	9
प्रतिक्षामा	9
प्रतिवेदनका	9
प्रतिश	9
प्रतिष्ठानका	9
प्रतिष्ठानले	9
प्रबल	9
प्रभारी	9
प्रयोगकर्ताले	9
प्रयोगलाई	9
प्रवेशद्वारमा	9
प्रशस्त	9
प्रशान्तविक्रम	9
प्रशिक्षकले	9
प्रिन्टिङ	9
प्लटमा	9
फर्कनुभएको	9
फर्किएकी	9
फर्जी	9
फर्म	9
फर्मले	9
फलदायी	9
फिलिपिन्स	9
फुटेको	9
फेडेरेसन	9
फैलिन	9
फोनमा	9
फ्रान्सका	9
बङ्गलादेशका	9
बङ्गलादेशलाई	9
बचाउ	9
बजारबाट	9
बजेसम्मका	9
बढाउनुपर्ने	9
बढीले	9
बढेसँगै	9
बताउन	9
बदली	9
बनाउँदै	9
बनाउनेछन्	9
बने	9
बन्ड	9
बन्दरगाह	9
बन्दूक	9
बन्दै	9
बबरमहलस्थित	9
बम्पर	9
बर्माले	9
बसाइँ	9
बहुआयामिक	9
बहुत	9
बात	9
बाध्यता	9
बालुवा	9
बासिन्दालाई	9
बिक्रीको	9
बिताउने	9
बित्तिकै	9
बुझ्ने	9
बुबाले	9
बेरोजगारी	9
बोक्न	9
बोहोरा	9
बौद्धिक	9
ब्यान्ड	9
ब्रान्ड	9
ब्लु	9
ब्लू	9
भंग	9
भट्टराईको	9
भतिजा	9
भत्काइएको	9
भरतपुरमा	9
भर्खरै	9
भाग्ने	9
भाजपासँग	9
भिजेको	9
भित्रिएका	9
भित्रिने	9
भीएमसी	9
भीडले	9
भोजनमा	9
भ्रष्ट	9
मकवानपुर	9
मक्कल	9
मञ्जु	9
मण्डल	9
मतअन्तरले	9
मतदानमा	9
मतमध्ये	9
मनोनयनमा	9
मलमा	9
महाधिवेशनको	9
महाभियोग	9
महासंघको	9
महिनाभन्दा	9
महिलाका	9
माइकल	9
माइल	9
माक्र्सवादी	9
मामिलाका	9
मार्गहरू	9
मालिकलाई	9
माल्दिभ्समा	9
मिडियामा	9
मित्र	9
मिलाइएको	9
मी	9
मुकेश	9
मुद्दाहरूमा	9
मुर्शिदाबाद	9
मुलपानी	9
मुलुकबाट	9
मुस्किलले	9
मृतक	9
मेट्रोपोलिटन	9
मेहनत	9
मोटरसाइकलमा	9
मोरङ	9
मोर्चाको	9
मोहनबहादुर	9
यसमध्ये	9
याउँदै	9
याचिकाको	9
यात्रुका	9
यादवका	9
युक्रेन	9
युद्ध	9
युद्धमा	9
युसुफ	9
रक	9
रक्सीको	9
रग्बी	9
रचनात्मक	9
रजिष्ट्रारको	9
रहनुभएको	9
रही	9
राजदूतावासले	9
रानाभाटले	9
रामकुमारी	9
राम्ररी	9
राहुलले	9
रिकभरी	9
रित	9
रिपोर्टको	9
रिपोर्टले	9
रुघाखोकी	9
रुपन्देहीको	9
रुममा	9
रेलवेका	9
रोचक	9
रोनाल्डोले	9
रोपाइँ	9
र्यालीमा	9
र्यालीलाई	9
लक्ष्यमा	9
लगाउनेछ	9
लगातारको	9
लगेका	9
लडाइँ	9
ललितनारायण	9
लहान	9
लाखले	9
लागेकाले	9
लाग्दैन	9
लाभांश	9
लिनेछौं	9
लिन्छ	9
ली	9
लोकप्रियता	9
वकिलको	9
वह	9
वाग्लेले	9
वाधवानी	9
विकृति	9
विकेटका	9
विजेतालाई	9
विथ	9
विनितमणि	9
विभागहरू	9
विलासिताका	9
विवरणहरू	9
विवादको	9
विवादास्पद	9
वी	9
वैद्यले	9
व्यक्तित्व	9
व्यवसायको	9
व्यवस्थापनले	9
व्यापारीलाई	9
शक्तिको	9
शरीरको	9
शानदार	9
शाहका	9
शिक्षकको	9
शिक्षकलाई	9
शिक्षकहरू	9
शिन्देले	9
शिवराज	9
शुक्रबारसम्म	9
श्याम	9
श्रमिक	9
श्रीकृष्ण	9
श्रीलंका	9
श्रीलङ्कामा	9
श्रीलङ्कालाई	9
श्रीवास्तवले	9
संकलनको	9
संक्रमित	9
संज्ञान	9
संरक्षित	9
संरचनाहरूको	9
संसद्बाट	9
संसार	9
सक्थे	9
सक्दिनँ	9
सघन	9
सच्याउन	9
सडकहरू	9
सदरमुकाम	9
सन्तान	9
सन्तुष्ट	9
सन्नी	9
सभालाई	9
समानता	9
समितिबाट	9
समिर	9
समुदायमा	9
समेट्न	9
सम्झना	9
सम्झनामा	9
सरेका	9
सरोकारवाला	9
सवारीसाधनका	9
सहकार्यका	9
सहमतिका	9
सहमतिमा	9
सहयोगीहरूले	9
साइक्लिङ	9
साझेदारीमा	9
साताका	9
साथबाट	9
साथीहरू	9
सार्ने	9
साहिब	9
सिँचाइमन्त्री	9
सिइओ	9
सिक्समा	9
सिङ्गो	9
सीआईबीले	9
सीपीआई	9
सुदृढीकरणका	9
सुधीर	9
सुनुवार	9
सुब्रमण्यम	9
सुरक्षाकर्मी	9
सुरक्षालाई	9
सुसज्जित	9
सूचीबाट	9
सेल्स	9
सोच	9
सोशल	9
स्टाटस	9
स्वाप	9
स्वास्थ्यकर्मी	9
स्वास्थ्यमन्त्री	9
स्विच	9
हङकङमा	9
हङकङलाई	9
हङकङसँग	9
हप्ताभित्र	9
हमाल	9
हराएका	9
हातपात	9
हात्तीको	9
हार्ट	9
हास्य	9
हिंसाका	9
हुँदैछन्	9
हुनासाथ	9
हेर्दा	9
हेर्नुपर्छ	9
होटलका	9
होम	9
होस्ट	9
ह्वीलचेयर	9
्न	9
०४	9
०६	9
१०२	9
१३३	9
१३५	9
१३६	9
१६५	9
१७२	9
२००३	9
२०७३	9
३४५	9
३७५	9
३८०	9
४२०	9
४६०	9
५०४	9
22	8
26	8
60	8
अक्टूबर	8
अटर्नी	8
अडान	8
अद्भुत	8
अधिवेशनबाट	8
अधिसूचना	8
अध्यक्षपदका	8
अनिश्चित	8
अनुगमनका	8
अनुशासनात्मक	8
अनुसन्धानकर्ताहरूले	8
अन्तर्वार्ता	8
अन्त्यतिर	8
अन्यत्र	8
अन्यले	8
अपरेटिङ	8
अप्रिलको	8
अभिमुखीकरण	8
अभूतपूर्व	8
अमृतसर	8
अरविन्दर	8
अरेबियाको	8
अर्धशतकको	8
अर्बौं	8
अलि	8
अवधिभर	8
अवलम्बन	8
अवसरको	8
असंलग्न	8
असामान्य	8
अहमदाबादको	8
अहिलेका	8
आइसकेको	8
आईआईटी	8
आईएफएससी	8
आक्रमणबाट	8
आगमन	8
आजसम्म	8
आतिशी	8
आतुर	8
आत्माको	8
आदर्श	8
आन्दोलनरत	8
आपूर्तिको	8
आमालाई	8
आमासँग	8
आरएफआईडी	8
आरोपीलाई	8
आलम	8
आलेले	8
आवश्यकतामा	8
आवागमन	8
आश्चर्यचकित	8
आसपासमा	8
इज	8
इनर्जी	8
इन्टरचेन्ज	8
इन्फोर्समेन्ट	8
इमेलमार्फत	8
इरानले	8
इरानसँग	8
ईभी	8
ईश्वरप्रसाद	8
उचाईमा	8
उजुरीअनुसार	8
उत्पादनशील	8
उत्सुक	8
उदीयमान	8
उद्योगी	8
उपमहानगरपालिका	8
उपाध्यायका	8
उमेशकुमार	8
उसका	8
उहाँलाई	8
ऋषि	8
एआई	8
एकअर्कासँग	8
एकदम	8
एकाइहरूको	8
एकैपटक	8
एक्वा	8
एक्सप्रेसले	8
एजुकेसन	8
एजेन्सीहरू	8
एप्लिकेसन	8
एफआईआरमा	8
एफडीआई	8
एफसी	8
एमएमटी	8
एमभीए	8
एसआईटी	8
एसएमसीले	8
एसपीपीयू	8
एसीबी	8
ओस्कार	8
कच्छ	8
कठिनाइ	8
कप्तानी	8
कब्जामा	8
कभरेज	8
कमजोरी	8
कमाउन	8
कम्प्युटर	8
कम्बोडियामा	8
करदाताको	8
करार	8
करेगी	8
कलेजको	8
कसुरमा	8
कहीँ	8
कागजमा	8
कानूनमा	8
कान्छो	8
काभ्रेपलाञ्चोक	8
कामले	8
कायममुकायम	8
कारागारमा	8
कार्कीका	8
कार्यकारिणी	8
कार्यकालको	8
कार्यक्रमअन्तर्गत	8
किताब	8
किसानहरूको	8
कुखुराको	8
कुपोषण	8
कुराले	8
कृषिजन्य	8
कृषिमन्त्री	8
कृष्णहरि	8
केराको	8
केसीका	8
कैदीहरूको	8
कैयौँ	8
कोका	8
कोटिया	8
कोपा	8
कोरियाको	8
कोला	8
कोषाध्यक्षमा	8
क्यानाडामा	8
क्यानेडियन	8
क्यान्सरका	8
क्रिस्टियानो	8
खड्कालाई	8
खर्चमा	8
खास	8
खुलाएको	8
खुलेआम	8
खेलमध्ये	8
खोलिएको	8
गङ्गा	8
गठबन्धनबाट	8
गणनामा	8
गतिविधिलाई	8
गन्तव्यका	8
गम्भीरतापूर्वक	8
गराइसकेको	8
गराएकी	8
गराएर	8
गरिएपछि	8
गरिदिन	8
गरिबी	8
गरेअनुसार	8
गर्नेहरूले	8
गर्भ	8
गर्ल	8
गऱ्यौं	8
गहिराइ	8
गहिराइमा	8
गहुँको	8
गाउँको	8
गुटको	8
गुटले	8
गुमाउने	8
गुरुङलाई	8
गुल्मी	8
गोपनीयता	8
गोपाल	8
गौर	8
गौरवको	8
गौशाला	8
ग्रामको	8
ग्राहकहरूलाई	8
ग्रुपका	8
घटाल	8
घिमिरेको	8
घिमिरेलाई	8
घिसिङलाई	8
घुँडाको	8
घोडा	8
घोषणापत्र	8
चयनको	8
चरम	8
चाहन्थे	8
चाहिए	8
चिट्ठा	8
चितुवा	8
चित्तबुझ्दो	8
चित्रित	8
चिन्ताजनक	8
चोर	8
चौधरीको	8
छलफलको	8
छानबिनका	8
छापावाल	8
छोरीलाई	8
जद	8
जनगणना	8
जनताप्रति	8
जनवरीदेखि	8
जनावर	8
जन्मदिनको	8
जबसम्म	8
जमानतमा	8
जर्मनीका	8
जानकारीको	8
जाहेरी	8
जितले	8
जीत	8
जीवनराम	8
जुट्न	8
जुध्न	8
जोखिममा	8
जोमसोम	8
झारेको	8
टर्फ	8
टिकटकमाथि	8
टीकाराम	8
टुर्स	8
टोकियोमा	8
टोपी	8
ट्रेक	8
ठकुरी	8
ठाउँलाई	8
ठेकेदारलाई	8
डङ्गोल	8
डिएसपी	8
डिजाइनमा	8
डिजेलको	8
डिपोमा	8
डिलिट	8
डीडीएले	8
डेको	8
डोमेनमा	8
तयारीलाई	8
तरलीकृत	8
तस्बिरहरु	8
तहसँग	8
तारकेश्वर	8
तारे	8
तालुकको	8
तिनलाई	8
तिनी	8
तिलक	8
तिहारलाई	8
त्यहाँको	8
त्योभन्दा	8
त्रिशूली	8
त्रुटिपूर्ण	8
थपिएका	8
थप्ने	8
दमकल	8
दयनीय	8
दरबार	8
दशौँ	8
दस्तावेज	8
दाबीको	8
दिएन	8
दिनेशकुमार	8
दिलाएकी	8
दीपकराज	8
दीपा	8
दीपेन्द्र	8
दुईतर्फी	8
दुईदिने	8
देखाउने	8
देखिन्छन्	8
देखे	8
देवकोटा	8
दोहा	8
द्रुतमार्गको	8
द्वन्द्व	8
धम्कीपूर्ण	8
धरानमा	8
धानको	8
धामी	8
धाराअन्तर्गत	8
धोखाधडी	8
नआएको	8
नगरेकाले	8
नजिकका	8
नड्डाको	8
नतिरेको	8
नत्र	8
नबढाउने	8
नर्सरी	8
नसकेकाले	8
नागेश	8
नामका	8
नामबाट	8
नामिबियालाई	8
नारायणप्रकाश	8
निक्षेपमा	8
निभाएकी	8
निम्त्याउने	8
निम्नानुसार	8
नियमको	8
नियमहरूको	8
निराशा	8
निर्णयविरुद्ध	8
निर्वाचनपछि	8
निलो	8
निशान	8
नेताहरु	8
नेपालबीचको	8
नेपालभन्दा	8
न्यायको	8
न्युगिनी	8
न्युजिल्यान्डसँग	8
न्युयोर्क	8
न्यूनीकरणका	8
पठाइयोस्	8
पठायो	8
पत्रकारहरूलाई	8
पदकका	8
पदाधिकारीलाई	8
पदाधिकारीसँग	8
पन्त	8
परिमाण	8
परियोजनालाई	8
परियोजनाहरूलाई	8
परिस्थिति	8
पर्वतीय	8
पर्सा	8
पवारलाई	8
पवित्र	8
पसलहरू	8
पहुँचको	8
पाँचतारे	8
पाँचदिने	8
पाँचवटा	8
पाइएमा	8
पाएँ	8
पाकिस्तानलाई	8
पाटिलको	8
पाठ्यक्रममा	8
पारदर्शी	8
पार्टनर	8
पिएसजी	8
पिपुल्स	8
पीजी	8
पीठासीन	8
पुनको	8
पुनर्निर्माण	8
पुनर्विकास	8
पुबुदु	8
पुलको	8
पूर्ति	8
पृथ्वी	8
पेन्डिङमा	8
पौडेलसमक्ष	8
प्याटर्नमा	8
प्यानलका	8
प्रकृतिका	8
प्रक्रियाका	8
प्रक्रियाबारे	8
प्रगतिशील	8
प्रणालीमार्फत	8
प्रतिनिधिसभाले	8
प्रतिनिधिहरूले	8
प्रतिबद्धतालाई	8
प्रतिरक्षा	8
प्रतिवादी	8
प्रतिवेदनको	8
प्रतिवेदनमाथि	8
प्रतिसिलिण्डर	8
प्रदर्शनीको	8
प्रदेशबाट	8
प्रदेशलाई	8
प्रबद्र्धन	8
प्रयासका	8
प्रयासलाई	8
प्रयोगकर्ता	8
प्रयोगकर्ताको	8
प्रविधिमा	8
प्रशासनका	8
प्रशासनको	8
प्रशासनलाई	8
प्रशिक्षणको	8
प्रसाद	8
प्रस्तावमाथि	8
प्रिया	8
प्रोडक्सन	8
फर्काउन	8
फर्काउने	8
फसल	8
फसेका	8
फस्ट	8
फहराउन	8
फाइनान्स	8
फाजिल्का	8
फेस्टिभल	8
फ्रान्समा	8
फ्रेन्ड्स	8
फ्लाइट	8
बचाउन	8
बढिरहेका	8
बनाउनुपर्ने	8
बन्दरगाहमा	8
बरनाला	8
बर्तौलाले	8
बलात्कारका	8
बसहरू	8
बसहरूको	8
बस्ती	8
बहुप्रतिक्षित	8
बाँडेका	8
बाँध	8
बार्सिलोनाका	8
बालकलाई	8
बिक्रीका	8
बिडी	8
बिदामा	8
बिमा	8
बिलहरू	8
बीआरएस	8
बीचको	8
बेनर्जीले	8
बेन्चमा	8
बेहोर्नुपरेको	8
बैंकक	8
बैंकसँग	8
बोकेको	8
बोल्ने	8
बोहराले	8
बोहोराले	8
ब्राजिलका	8
ब्रान्चका	8
ब्ल्याक	8
भइसक्यो	8
भगत	8
भण्डारीको	8
भण्डारीलाई	8
भन्नेमा	8
भलिबलको	8
भवनहरू	8
भविष्यवाणी	8
भारतबीचको	8
भारुभन्दा	8
भाषामा	8
भिडियोहरू	8
भुइँमा	8
भुक्तानीको	8
भुजबलको	8
भुटानी	8
भुसालको	8
भूकम्पमा	8
भूमिमा	8
भेटिएका	8
भैरहवास्थित	8
भ्यानको	8
भ्रष्टाचारका	8
मट्टितेल	8
मतलब	8
मराठाहरूलाई	8
मर्जरका	8
मल्होत्राले	8
महँगी	8
महाधिवेशनमा	8
महान	8
महोत्तरी	8
मागमा	8
मागहरू	8
माथिका	8
मान	8
मानिसले	8
मापदण्डअनुसार	8
मारेर	8
मार्केटिङ	8
माला	8
माल्दिभ्सका	8
मास्क	8
मिडफिल्डर	8
मिनाहा	8
मिलले	8
मिलाएको	8
मुद्दती	8
मूलतः	8
मूल्यअनुसार	8
मूल्यभन्दा	8
मूल्यले	8
मेगाहर्ज	8
मेजर	8
मेट्रोको	8
मेहताले	8
म्यानुअल	8
यात्रालाई	8
यात्रुहरूलाई	8
यात्रुहरूले	8
याममा	8
यायो	8
युनाइटेडले	8
युनिभर्सिटी	8
युवाहरूको	8
युवाहरूलाई	8
योजनाबारे	8
रंग	8
रक्षाका	8
रविन्द्र	8
रहेकामा	8
राजदूतावास	8
राजनीतिलाई	8
राजस्वको	8
राज्यद्वारा	8
रातिदेखि	8
राधिका	8
रामकुमार	8
रामबहादुर	8
राष्ट्रपतिसमक्ष	8
राष्ट्रियसभाले	8
राहतका	8
रिटमाथि	8
रिपोर्टअनुसार	8
रिपोर्टका	8
रुट	8
रुपक	8
रुपैयाँका	8
रुबी	8
रेसकोर्स	8
रोकेर	8
रोबिन	8
लगाइएका	8
लगानीकर्ता	8
लगेको	8
लरेन्स	8
लाओसलाई	8
लागतको	8
लागेर	8
लाभकर	8
लि	8
लिइरहेको	8
लिउ	8
लिमिटेडका	8
लुक्ला	8
लुले	8
लेक	8
लेखराज	8
लेख्ने	8
लैजान	8
लो	8
लोकसभामा	8
ल्याइने	8
वक्तव्य	8
वडाध्यक्ष	8
वडामध्ये	8
वनस्पति	8
वर्गमा	8
वर्माले	8
वसावा	8
वस्तुमा	8
वस्तुहरूको	8
वामदेव	8
वाली	8
वासिङ्टन	8
विचारधारा	8
विचारहरू	8
वितरक	8
विधानको	8
विधेयकका	8
विभाजनको	8
विमानस्थललाई	8
विश्वभर	8
विश्वराज	8
विश्वविद्यालयले	8
विषयगत	8
वृद्धिका	8
वृद्धिमा	8
वैचारिक	8
व्यक्तिसँग	8
व्यवसायलाई	8
व्यहोर्ने	8
व्यापारका	8
शक्तिबहादुर	8
शपथपत्र	8
शरीर	8
शारदा	8
शासनकालमा	8
शिंदे	8
शिन्देको	8
शिवकुमारले	8
शेखलाई	8
शैलेश	8
श्रीकान्त	8
श्रीमान्	8
संकटबाट	8
संकटा	8
संगठनको	8
संयोगवश	8
संरक्षक	8
संविधानमा	8
संसारमा	8
संस्थानले	8
सकिएन	8
सकिन	8
सक्नेछ	8
सक्सेनाले	8
सङ्कल्प	8
सङ्गठन	8
सचिवलाई	8
सचिवालयमा	8
सटही	8
सत्रको	8
सदर	8
सदस्यबाट	8
सपोर्ट	8
सप्लायर्स	8
समकालीन	8
समस्याग्रस्त	8
सम्मानजनक	8
सम्मानमा	8
सम्मेलनलाई	8
सरदार	8
सरसफाइ	8
सर्राफ	8
सर्लाही	8
सशर्त	8
सहरका	8
सहायताको	8
सहुलियत	8
साइट	8
साउदको	8
साझेदारीको	8
सापकोटालाई	8
साम	8
सामानको	8
साम्प्रदायिक	8
सार	8
सावधानी	8
साहलाई	8
साहित्य	8
सिकाइनेछ	8
सिकार	8
सिकेको	8
सिक्न	8
सिग्नल	8
सिटमध्ये	8
सिद्धारमैया	8
सिद्धूको	8
सिनेप्लेक्स	8
सिरहाको	8
सिलबन्दी	8
सिसोदिया	8
सीआईबीका	8
सीपीसी	8
सीमाको	8
सुख्खा	8
सुनप्रतितोला	8
सुबह	8
सुमधुर	8
सुरक्षामा	8
सुरू	8
सुल्तान	8
सुविधामा	8
सूचक	8
सेतु	8
सेनले	8
सेप्टेम्बरको	8
सेभेन	8
सेमिफाइनल	8
सोझै	8
सोधपुछको	8
सोनवणेले	8
सोल्टी	8
स्कटल्याण्डमा	8
स्कुटर	8
स्केटबोर्ड	8
स्क्यानर	8
स्टन्ट	8
स्टारले	8
स्टेज	8
स्ट्राइकर	8
स्थलको	8
स्वतन्त्रताको	8
स्वयं	8
स्वाभाविक	8
स्वीकार्य	8
हकदार	8
हकी	8
हतारमा	8
हमालले	8
हरियाणाका	8
हर्क	8
हर्षित	8
हस्पिटालिटी	8
हानेका	8
हिन्दी	8
हुनका	8
हुसेन	8
हेड	8
हेल्मेट	8
होइनन्	8
ह्यान्डल	8
िङ	8
ेका	8
्	8
्स	8
१०९	8
१४६	8
१६३	8
१६६	8
१७४	8
१७८	8
१८३	8
१९६०	8
१९८०	8
१९९०	8
१९९५	8
१९९७	8
२००५	8
२०६३	8
२४२	8
३२०	8
३९५	8
४१५	8
५०५	8
ः१५	7
अकाउन्ट	7
अक्षुण्ण	7
अख्तरले	7
अगाडिको	7
अग्निनियन्त्रकको	7
अञ्जली	7
अड्किएका	7
अड्चन	7
अधिकारलाई	7
अधिकारीसहित	7
अधिवेशनलाई	7
अनलाइनबाटै	7
अनलाइनमा	7
अनलाइनमार्फत	7
अनुवाद	7
अन्तर	7
अन्तरक्रिया	7
अन्वेषण	7
अपनाइएको	7
अपमानित	7
अपराजित	7
अपराधी	7
अपेक्षित	7
अप्राकृतिक	7
अप्रिय	7
अफिसरको	7
अभियोग	7
अभिलेख	7
अभिवादन	7
अभिषेकको	7
अमेरिकालाई	7
अमोनिया	7
अम्बेडकर	7
अरूले	7
अर्धसैनिक	7
अर्बको	7
अल्ट्रा	7
अल्पसङ्ख्यक	7
अशान्ति	7
अष्ट्रेलियाका	7
अष्ट्रेलियामा	7
असंवैधानिक	7
असमर्थ	7
असाधारण	7
असारमा	7
असुल्ने	7
असुविधा	7
अस्तबल	7
आँकडा	7
आउँदा	7
आउनेछन्	7
आकांक्षी	7
आगन्तुकहरूलाई	7
आगमनको	7
आजियाटा	7
आठौं	7
आतङ्कवादी	7
आत्मसमर्पण	7
आदेशले	7
आन्ध्र	7
आपसी	7
आमाले	7
आयकरको	7
आयमा	7
आयुष	7
आयुष्मान	7
आरएसपीका	7
आरटीआई	7
आरोपपत्रमा	7
आरोपितले	7
आरोही	7
आर्मीले	7
आवश्यकताका	7
आवश्यकताहरू	7
आवेदकले	7
आवेदनमा	7
आशिकी	7
आशीर्वाद	7
इ	7
इंग्ल्यान्डले	7
इजाजतपत्र	7
इटालीको	7
इन्चार्ज	7
इन्जिन	7
इन्टर	7
इन्टरनेसनलले	7
इन्टेलिजेन्स	7
इन्धनमा	7
इभिएमको	7
इमेलमा	7
इयर	7
इलाकामा	7
इलाम	7
ईओडब्ल्यू	7
उज्यालो	7
उत्पीडन	7
उदयपुर	7
उन्हें	7
उपमहानगरपालिकामा	7
उपसचिव	7
उपसभापति	7
उमेरको	7
उम्मेदवारहरू	7
उम्मेदवारहरूले	7
उहाँहरुले	7
ऋणका	7
एआईएडीएमके	7
एएमसी	7
एएमसीले	7
एकपछि	7
एकमुष्ट	7
एकाइका	7
एकातर्फ	7
एकीकरण	7
एक्टको	7
एक्सप्रेसका	7
एक्स्पोमा	7
एजेन्डा	7
एनआइसी	7
एनएमबी	7
एनएसएल	7
एनएसयूआईका	7
एनवाईईएफ	7
एनसेलले	7
एफआईआर	7
एमएस	7
एमओयूमा	7
एमसीडी	7
एमेच्योर	7
ऐक्यबद्धता	7
ऐनअनुसार	7
ओटरहरूको	7
ओभल	7
ओमानका	7
औंल्याए	7
औंल्याएका	7
कक्षाहरू	7
कङ्ग्रेस	7
कतारको	7
कतिपय	7
कथाहरू	7
कन्सर्टमा	7
कपटपूर्ण	7
कपिलवस्तु	7
कप्तानमा	7
कभर	7
कमाउने	7
कमीका	7
कम्बोडिया	7
करना	7
करियरको	7
करेगा	7
कलाकारको	7
कलेजहरू	7
कश्मीरको	7
कसलाई	7
कांग्रेसबाट	7
कांग्रेससँग	7
कागजातमा	7
कानूनबमोजिम	7
काभा	7
कार्डको	7
कार्यक्रमले	7
कार्यक्रमहरूको	7
कार्यदलको	7
कार्यव्यवस्था	7
कार्लोस	7
कालीमाटी	7
कास्कीको	7
किराना	7
किशोरीले	7
किस्तामा	7
कुमारलाई	7
कुवेतका	7
कुवेतको	7
कुहिरो	7
कूटनीति	7
केशवकुमार	7
कोई	7
कोपिला	7
कोरियाका	7
कोर्सको	7
कोलकाताको	7
कोलेजियमले	7
कोषबाट	7
कोसेढुङ्गा	7
कौरको	7
क्यागको	7
क्यानडाविरुद्धको	7
क्यापिटल	7
क्याप्टेन	7
क्याप्सनमा	7
क्याब	7
क्याबिनेटबाट	7
क्यूआर	7
क्रान्ति	7
क्रिकेटबाट	7
क्रिप्टोकरेन्सी	7
क्लबसँग	7
क्लिनिकल	7
क्लिप	7
क्वारेन्टाइन	7
क्षतिप्रति	7
क्षमतामा	7
क्षमतालाई	7
खत्रीले	7
खाडी	7
खाताबाट	7
खानेपानीमन्त्री	7
खुकुलो	7
खुलेपछि	7
खेलपछि	7
खेलाडीका	7
खेलेकी	7
गइरहेको	7
गएकाले	7
गतिका	7
गतिविधिहरूको	7
गतेसम्मको	7
गराइनेछ	7
गरिनुपर्छ	7
गरिरहे	7
गरिसक्नुपर्ने	7
गर्नुपऱ्यो	7
गर्मी	7
गऱ्यो	7
गस्ती	7
गहना	7
गाई	7
गाउँबाट	7
गान्धीलाई	7
गुगल	7
गुणस्तरमा	7
गोदाममा	7
गोर्खा	7
गोल्डेन	7
गौतमलाई	7
गौरवका	7
ग्यालरीमा	7
ग्राउन्ड	7
ग्रामी	7
घटेपछि	7
घट्नेछ	7
घण्टाअघि	7
घरधुरीले	7
घरभित्र	7
घाइतेलाई	7
घोटालाको	7
घोषले	7
चक्र	7
चक्रपाणि	7
चरणबाट	7
चलचित्रलाई	7
चालिएको	7
चाहँदैनौं	7
चाहना	7
चाहन्थें	7
चाहलले	7
चिंचवाड	7
चिडियाखानाका	7
चिन्ताको	7
चिरञ्जीवी	7
चिरीबाबु	7
चिह्नित	7
चीनबीच	7
चेम्जोङ	7
चोकमा	7
चोटका	7
चोरेका	7
चौकासहित	7
चौतर्फी	7
च्यानलको	7
छाडा	7
छात्रावासको	7
छानिएको	7
छाप	7
छाला	7
छुटेका	7
छेडछाड	7
छोडे	7
जग्गामा	7
जनवादी	7
जनशक्तिको	7
जनसंख्यालाई	7
जनस्तरको	7
जनामध्ये	7
जन्मिएकी	7
जमैका	7
जयनगर	7
जयन्ती	7
जयशंकर	7
जल्द	7
जाँचको	7
जाजरकोटको	7
जानकारीमा	7
जानाजानी	7
जानेछन्	7
जान्न	7
जाली	7
जितेपछि	7
जिरो	7
जिल्लाहरूमा	7
जीवनका	7
जीवनशैली	7
जुटेको	7
जुनसुकै	7
जूनागढ	7
जेएम	7
जेडी	7
जेभी	7
जोकोभिचले	7
जोड्दा	7
जोनले	7
ज्ञवाली	7
ज्वालाले	7
झूट	7
टर्की	7
टाउकोमा	7
टिकटको	7
टिपर	7
टीएमसीका	7
टेस्टको	7
टेस्टमा	7
ट्याक्सीले	7
ट्रान्सफर्मर	7
ट्रेनिङ	7
ट्विनअटर	7
ट्वीटरमार्फत	7
ठगेको	7
ठेस	7
डाँगी	7
डाक्टरको	7
डाक्टरहरू	7
डिआइजी	7
डिजेलमा	7
डिप्लोमा	7
डीआरएस	7
डीजेबी	7
डुबेको	7
डेकर	7
डेटिङ	7
डेपुटेशनमा	7
तटमा	7
तपाईंसँग	7
तयारीको	7
तरकारीको	7
तरल	7
तरिकाको	7
तरिकामा	7
तरिकाहरू	7
ताइपेइ	7
ताज	7
तारिखदेखि	7
तालको	7
तिनीहरूका	7
तिर्नु	7
तीनमा	7
तोक्न	7
त्यसबाट	7
थकित	7
थाइल्याण्डमा	7
थापामगर	7
थापामगरले	7
थाह	7
थिइनन्	7
थिएटरमा	7
थोक	7
थोरैले	7
दंगा	7
दक्षिणमा	7
दमौली	7
दम्पती	7
दरअनुसार	7
दर्शक	7
दशैँको	7
दस्तीदारले	7
दाल	7
दासानायकेले	7
दिएँ	7
दिनुहोस्	7
दिल्लीबाट	7
दिल्लीस्थित	7
दीक्षितले	7
दुर्घटनापछि	7
दुवैका	7
दूतावासको	7
दूतावासमा	7
दे	7
देखाएका	7
देखिन्थे	7
देशहरूले	7
धर्मको	7
धावनमार्ग	7
धुर्मुस	7
धोती	7
नपरेको	7
नपरोस्	7
नम्बरको	7
नम्बरहरू	7
नया	7
नरोकिने	7
नर्थ	7
नलिन	7
नवजात	7
नवीनतम	7
नागरिकहरूलाई	7
नाघेका	7
नाटकले	7
नाना	7
नामकरण	7
नारायणमान	7
निकालेका	7
निकास	7
नियमले	7
निर्देशकमा	7
निर्देशनालयका	7
निर्यातका	7
निवारक	7
निवेदकलाई	7
नेटवर्कको	7
नेताहरुको	7
नेपालगञ्जका	7
नेपालीमा	7
नेपालीहरुको	7
न्यायपरिषद्को	7
न्यायालयका	7
न्यु	7
पक्षबीच	7
पञ्जाबी	7
पठाइसकिएको	7
पढ्न	7
पप	7
पम्फा	7
परमिट	7
पराजुली	7
परिचित	7
परिणामअनुसार	7
परिरहेको	7
परीक्षाका	7
पर्दा	7
पर्यो	7
पहले	7
पहिरोका	7
पाइरहेको	7
पाइलटको	7
पाउनु	7
पाकिस्तानबीचको	7
पाठकको	7
पानीमा	7
पाया	7
पारेपछि	7
पार्कको	7
पार्नेछ	7
पालामा	7
पिटेको	7
पिपावाव	7
पीएमसीले	7
पीएस	7
पीडीए	7
पुगेपछि	7
पुनरावृत्ति	7
पुरस्कारको	7
पुर्याएका	7
पुलमा	7
पुस्तकमा	7
पुस्तकालय	7
पूर्वराष्ट्रपति	7
पेनाल्टीमा	7
पेय	7
पैसामा	7
पोखरेलको	7
पोजिटिभ	7
पोर्टल	7
पोर्टलमा	7
पोल	7
पोस्टर	7
प्यानलहरू	7
प्रकाशकुमार	7
प्रचण्डले	7
प्रतिक्विन्टल	7
प्रतिफल	7
प्रतिबद्धताको	7
प्रतिस्पर्धाबाट	7
प्रतीक	7
प्रदेशसभाले	7
प्रधानको	7
प्रधानले	7
प्रभाकर	7
प्रभाकरले	7
प्रभावलाई	7
प्रमाणपत्रको	7
प्रमुखपदमा	7
प्रमुखलाई	7
प्रयोगका	7
प्रयोगशाला	7
प्रयोगशालाले	7
प्रशासनमन्त्री	7
प्राथमिकताका	7
प्राय	7
प्रायोजन	7
प्रायोजित	7
प्रेमकुमार	7
प्रोग्राम	7
प्रोटोटाइप	7
प्लस	7
प्लेटफर्मको	7
फर्मका	7
फसेको	7
फाइभजी	7
फार्म	7
फार्ममा	7
फिक्सिङमा	7
फिल्मले	7
फुटेजमा	7
फ्लाईओभर	7
फ्लोरमा	7
बगैंचाको	7
बजट	7
बजारलाई	7
बजेटमाथि	7
बठिंडा	7
बढाएका	7
बढुवाका	7
बढेकाले	7
बताया	7
बत्तीको	7
बनाइएका	7
बनाइरहेका	7
बनाइरहेको	7
बनेपछि	7
बन्दुक	7
बयानका	7
बयानको	7
बलराम	7
बलले	7
बलिउडमा	7
बस्दा	7
बस्नेतको	7
बहराइनलाई	7
बहाव	7
बहु	7
बाक्लो	7
बाढीका	7
बालबालिकामा	7
बालुवाटारस्थित	7
बासिन्दाहरू	7
बासिन्दाहरूलाई	7
बास्केटबल	7
बाहिरका	7
बिआरआई	7
बिताउन	7
बितेका	7
बिरामीहरूको	7
बिल्डर	7
बिहीबारसम्म	7
बीएमआरसीएलका	7
बुझाउँदै	7
बेंगलुरुमा	7
बेचेर	7
बेदुराम	7
बेन्चसमक्ष	7
बोतल	7
बोर्डलाई	7
बोलाउन	7
बोलेको	7
ब्याजदरमा	7
ब्यानर	7
ब्यान्डमा	7
ब्यारिकेड	7
ब्यूरोका	7
ब्रेक	7
ब्रोकरेज	7
भएयता	7
भक्तपुरको	7
भट्टका	7
भट्टको	7
भट्टलाई	7
भड्काउने	7
भण्डार	7
भण्डारीसँग	7
भनिरहेका	7
भन्छ	7
भर	7
भरिएका	7
भाँचिएको	7
भाइब्रेन्ट	7
भाजपालाई	7
भारतकी	7
भारतभरका	7
भारतसँगको	7
भारती	7
भाले	7
भावनालाई	7
भावुक	7
भिसाको	7
भीपीएन	7
भीष्मराज	7
भूकम्पपछिको	7
भूकम्पपीडितका	7
भेरी	7
भोटिङ	7
भ्रमित	7
मंत्री	7
मजिस्ट्रेटको	7
मतगणनाका	7
मतदातामध्ये	7
मतपेटिका	7
मतलाई	7
मथुरा	7
मन्त्रालयबाट	7
मन्त्रीहरूले	7
मरिन	7
मरीना	7
मर्जरपछि	7
मर्जरमा	7
मसान्तदेखि	7
महामारीपछि	7
महासङ्घले	7
महिनायता	7
महेश्वर	7
महोत्तरीको	7
माओवादीले	7
माग्दै	7
माध्यमका	7
मानबहादुर	7
मानिने	7
माने	7
मानेले	7
मारिएको	7
मार्जिन	7
मार्टिन	7
मालिकहरूलाई	7
मिडियालाई	7
मिल्दोजुल्दो	7
मुक्का	7
मुटुको	7
मुथा	7
मुद्दाहरूलाई	7
मुद्रण	7
मुलुककै	7
मुलुकसँग	7
मूर्तिको	7
मूल्यलाई	7
मूल्यवृद्धि	7
मूल्यसूची	7
मेघगर्जन	7
मेची	7
मेट्रोका	7
मेड	7
मेलाको	7
मोगा	7
मोर्चाका	7
मोर्चाले	7
मौजूद	7
म्यानमार	7
याचिकाकर्ताका	7
याचिकामाथि	7
यादवमाथि	7
युकेएम	7
युनाइटेडका	7
युनियनको	7
युनियनले	7
युरोको	7
युरोपको	7
यूपी	7
रंगेहात	7
रकममा	7
रकमसहित	7
रङको	7
रहन्छन्	7
राउतको	7
राउन्डमा	7
राखिएका	7
राखिनेछ	7
राखेकोमा	7
राख्नुहोस्	7
राख्यो	7
राजकोट	7
राजदूतनियुक्त	7
राजपुतले	7
राजवंशीले	7
राजाराम	7
राजी	7
राजेन्द्रप्रसाद	7
राज्यबाट	7
रामेछाप	7
रायले	7
राशि	7
राशिद	7
रिजर्भ	7
रितु	7
रिलीज	7
रुम	7
रेकर्डअनुसार	7
रेकर्डिङ	7
रेले	7
रेशम	7
रोकिने	7
रोक्नका	7
रोक्नको	7
रोक्नु	7
रोय	7
रोशनकुमार	7
लक्की	7
लक्षण	7
लखनउ	7
लभ्लीले	7
लम्बाइ	7
लम्ब्याउने	7
लर्निङ	7
लाखको	7
लाग्दै	7
लाग्नुभएको	7
लापरबाहीको	7
लामिछानेका	7
लास्ट	7
लिमिटेडलाई	7
लिम्बूको	7
लियाम	7
लियो	7
लुकाउन	7
लेखन	7
लेनदेन	7
लोकतन्त्र	7
ल्याए	7
ल्याएका	7
ल्यापटप	7
वर्क	7
वर्गीकरण	7
वर्षयताकै	7
वाइड	7
वाईएसडी	7
वाटर	7
वार्ताको	7
वार्षिकोत्सवका	7
वार्षिकोत्सवको	7
वाले	7
विकल्पको	7
विकल्पहरू	7
विक्षोभ	7
विद्यालयले	7
विपन्न	7
विपिन	7
विप्रेषणको	7
विभागद्वारा	7
विराटनगरका	7
विवरणमा	7
विषयक	7
विष्टका	7
विष्णुप्रसाद	7
वृद्धिसँगै	7
वेलफेयर	7
व्यवस्थालाई	7
व्यापारीको	7
शताब्दी	7
शब्दमा	7
शहरले	7
शिकार	7
शिक्षकले	7
शिक्षालाई	7
शिरोमणि	7
शिवप्रसाद	7
शीतकालीन	7
शुक्लाले	7
शुद्धीकरण	7
शेफ	7
शोभा	7
श्रीधर	7
श्वेतपत्र	7
सँगको	7
संकलनका	7
संक्रमणका	7
संगठित	7
संघर्षको	7
संविधानले	7
संसदमा	7
संस्थाहरू	7
सकिँदैन	7
सकिदैन	7
सकिनन्	7
सकिनै	7
सकुशल	7
सक्दछ	7
सगरमाथाको	7
सचखण्ड	7
सचिवालयको	7
सञ्जालका	7
सट्टेबाजी	7
सत्तारूढ	7
सत्यको	7
सदनका	7
सदस्यहरुले	7
सनराइजर्सलाई	7
सन्तोषजनक	7
सप्तरीको	7
सप्ताहन्तमा	7
सफ्टवेयर	7
सब्सक्राइब	7
सभामा	7
समनलाई	7
समयअघि	7
समयदेखिको	7
समाजलाई	7
समात्न	7
समानताको	7
समुदायले	7
समेटियो	7
सम्झन्छन्	7
सम्झौताका	7
सम्झौतालाई	7
सम्पदाको	7
सम्हाल्दै	7
सम्हाल्ने	7
सराहना	7
सरोकारवालासँग	7
सर्ट	7
सर्तहरू	7
सर्राफले	7
सलमान	7
सहकर्मी	7
सहकार्यको	7
सहभागिताको	7
सहमतिअनुसार	7
सहारा	7
साँच्चै	7
साइटमा	7
साउथ	7
साकार	7
सागमा	7
साताभित्र	7
साथीले	7
साधनका	7
साने	7
सापकोटाका	7
साप्ताहिक	7
साबरमती	7
सामग्रीहरू	7
सायद	7
सारंगा	7
सार्न	7
सिएमसीले	7
सिकेका	7
सिक्काको	7
सिधै	7
सिनेटर	7
सिमरा	7
सिमसार	7
सिलिङ	7
सिल्भर	7
सीजीटी	7
सीडब्लुसी	7
सीमापार	7
सुकै	7
सुख	7
सुखद	7
सुदीप	7
सुनाएका	7
सुनुवाइको	7
सुनुवाइमा	7
सुन्न	7
सुमित	7
सुरक्षाकर्मीले	7
सुरज	7
सुर्खेतको	7
सुर्खेतमा	7
सुविधाजनक	7
सुविधाहरूको	7
सुशन	7
सेकेण्डमा	7
सेन्टरको	7
सेबोन	7
सेबोनले	7
सेवालाई	7
सोनवणे	7
सोनी	7
सौन्दर्यीकरण	7
सौराष्ट्र	7
स्टल	7
स्टाफको	7
स्टार्टअपलाई	7
स्टोरमा	7
स्ट्याण्डर्ड	7
स्ल्याब	7
स्वत	7
स्वाति	7
स्वास्थ्यलाई	7
हन्ड्रेड	7
हप्तादेखि	7
हर्ष	7
हल्कादेखि	7
हसन	7
हाटकानांगले	7
हातबाट	7
हातहतियार	7
हात्ती	7
हात्तीले	7
हिँडडुल	7
हिमाञ्चल	7
हिरासत	7
हिल्स	7
हिस्साको	7
हुआ	7
हुनुको	7
हुन्डाई	7
हृदय	7
हृदयघातका	7
हेक्टरमा	7
हेर्नका	7
होटललाई	7
ह्युमन	7
०३	7
१०७	7
११८	7
१४७	7
१५४	7
१५७	7
१७९	7
१८४	7
१८९	7
१९५६	7
१९६	7
१९६५	7
१९९२	7
१९९८	7
२०००	7
२०४७	7
२१६	7
२६५	7
३४०	7
३७०	7
४०५	7
00	6
06	6
17	6
35	6
500	6
ः०१	6
अक्सिजनको	6
अखाद्य	6
अख्तरको	6
अख्तियारी	6
अघाडी	6
अचम्मको	6
अचिभमेन्ट	6
अञ्जना	6
अटिजम	6
अटोमोबाइल	6
अटोमोबाइल्स	6
अडिटोरियममा	6
अधिकारीविरुद्ध	6
अधिकृतले	6
अधिवेशनका	6
अधिशेष	6
अनलाइनखबरसँग	6
अनितादेवी	6
अनिश्चितकालीन	6
अनु	6
अनुकूलन	6
अनुगमनकर्ताले	6
अनुदानमा	6
अनुपम	6
अनुमोदनका	6
अन्जन	6
अन्त्यका	6
अन्ना	6
अपनाउन	6
अपनाउने	6
अपुग	6
अप्टिकल	6
अभय	6
अभावको	6
अभिनीत	6
अभिनेताको	6
अभिभूत	6
अमलेखगञ्ज	6
अमितेश	6
अमिषा	6
अमेरिकाबाट	6
अमेरिकासँग	6
अय्यर	6
अरूको	6
अरूलाई	6
अरोराको	6
अर्थशास्त्री	6
अर्बभन्दा	6
अलराउन्डर	6
अल्पसंख्यक	6
अवगत	6
अवलोकनका	6
अवस्थालगायत	6
अवार्डको	6
अवार्ड्स	6
अविभाजित	6
अविरल	6
असाध्यै	6
असोजमा	6
अस्ट्रेलिया	6
अस्पतालहरूको	6
आइकोनिक	6
आइटिएफ	6
आइतबारसम्म	6
आइपिएलमा	6
आइपुगेकी	6
आइपुग्दा	6
आउँदैछ	6
आउँदैछन्	6
आउटलेट	6
आउनुभएको	6
आकर्षण	6
आक्रमणपछि	6
आक्रोश	6
आक्रोशित	6
आगलागीको	6
आचार्यलाई	6
आजियाटाले	6
आजीवन	6
आतंकवाद	6
आत्मविश्वास	6
आपूर्तिका	6
आभारी	6
आमाबाबु	6
आयरल्याण्डले	6
आरजु	6
आरडब्ल्यूआईटीसी	6
आरती	6
आराम	6
आरोपहरूको	6
आले	6
आलोचक	6
आवतजावत	6
आवेदक	6
आवेदनहरू	6
आशाजनक	6
आश्रित	6
इंगित	6
इकाईका	6
इको	6
इजरायलबाट	6
इञ्जिनियर	6
इञ्जिनियरले	6
इतिहासको	6
इनिङमा	6
इनोभेसन	6
इन्डियाको	6
इन्डियालाई	6
इन्फ्रास्ट्रक्चर	6
इपिएलको	6
इमानदार	6
इमेलहरू	6
इम्तियाज	6
इरानका	6
इलाका	6
इलाममा	6
ईन्जिनियरिङ्	6
उचाइमा	6
उजुरीकर्ताको	6
उठाइरहेका	6
उठाए	6
उडानमार्फत	6
उडानहरू	6
उड्ने	6
उत्कृष्टता	6
उत्कृष्टताको	6
उत्खननको	6
उत्तराखण्ड	6
उत्तरार्धमा	6
उत्पादनमूलक	6
उत्पादनहरू	6
उत्सर्जन	6
उत्सवको	6
उत्साहजनक	6
उत्साही	6
उदय	6
उधारो	6
उनीसँगै	6
उनीहरूमाथि	6
उपकरणहरूको	6
उपभोक्ताहरूले	6
उपभोग	6
उपमहानिर्देशक	6
उपराज्यपाल	6
उपराज्यपालको	6
उपराष्ट्रपतिको	6
उपस्थितिको	6
उमा	6
उर्मिला	6
उस्तै	6
ऊ	6
एंड	6
एकाधिकारले	6
एकैसाथ	6
एक्ट	6
एक्लो	6
एक्शन	6
एक्सचेन्जका	6
एक्सन	6
एक्सप्रेसवेको	6
एग्रो	6
एजुकेशनल	6
एजेन्सीका	6
एजेन्सीलाई	6
एजेन्सीहरूलाई	6
एटिएम	6
एनआरएनए	6
एनएस	6
एनडीएको	6
एनडीएमा	6
एनसीपीका	6
एन्ड्रिया	6
एपिएफका	6
एमएनएसका	6
एमसीआरपी	6
एमसीडीका	6
एरिनामा	6
एलजी	6
एलेक्स	6
एसकेएमले	6
एसोसिएसनका	6
एस्केलेटर	6
ऐनमा	6
ऐरीको	6
ओर्लिएका	6
औंठी	6
औचित्य	6
औपचारिकता	6
कट	6
कतारसँग	6
कदमहरू	6
कन्सल्टेन्ट	6
कपास	6
कमर्स	6
कमाई	6
कमान्डर	6
कम्पनीबाट	6
कम्पनीहरुलाई	6
कम्प्लेक्स	6
करते	6
करदाता	6
कराते	6
करिडोर	6
करिडोरमा	6
करियर	6
कर्ण	6
कर्णालीमा	6
कर्तव्यहरू	6
कर्पोरेसनका	6
कलको	6
कलाकारहरू	6
कलेजहरूलाई	6
कलेजोको	6
कवि	6
कश्मीर	6
कहाँबाट	6
काँग्रेसकेन्द्रीय	6
कांग्रेसमा	6
कागजातको	6
काची	6
काजल	6
काट्न	6
काठमाडौँले	6
कान्छी	6
काफ्ले	6
काफ्लेका	6
कामु	6
कारको	6
कारणहरू	6
कारहरूको	6
कारागारका	6
कारोबारका	6
कारोबारलाई	6
कार्यकर्ताहरूको	6
कार्यकर्ताहरूलाई	6
कार्यक्रमहरू	6
कार्यसूचीमा	6
कार्यात्मक	6
कार्यालयद्वारा	6
कालिका	6
कालोपत्र	6
किंग्सलाई	6
किंग्सले	6
किङ	6
किन्न	6
कुँवरलाई	6
कुकुर	6
कृष्णकुमार	6
केंद्र	6
केन	6
केन्द्रद्वारा	6
केन्द्रविन्दु	6
केन्या	6
केन्याले	6
कैदीबन्दी	6
कॉर्पोरेशन	6
कोझिकोड	6
कोप	6
कोयाजी	6
कोरियाले	6
कोषका	6
कोषलाई	6
क्याटिनी	6
क्यानडाको	6
क्यानडाले	6
क्यान्सरबाट	6
क्याफे	6
क्यामेराको	6
क्याम्पसमा	6
क्रान्तिकारी	6
क्रिकेटका	6
क्रिकेटप्रतियोगिताअन्तर्गत	6
क्लबबीच	6
क्लासिक	6
क्वालिफायरका	6
क्विन्टल	6
क्षणमा	6
क्षेत्रफल	6
खगराज	6
खटाएको	6
खटिएका	6
खड्कासँग	6
खतराको	6
खतिवडाका	6
खनिज	6
खरेलले	6
खसीबोका	6
खाँदै	6
खानाको	6
खारेजीको	6
खिच्न	6
खुरानाले	6
खुलाउन	6
खेद	6
खेलकुदको	6
खेलकूदमन्त्री	6
खेलहरूमा	6
खेलाडीहरू	6
खोलेका	6
गएँ	6
गठनका	6
गणनाको	6
गणपतले	6
गणेशखिण्ड	6
गयो	6
गरिएन	6
गरिसकेपछि	6
गरौं	6
गर्दथे	6
गर्दथ्यो	6
गर्नुपर्थ्यो	6
गर्नुहुने	6
गर्नेमा	6
गाडगिलले	6
गान्धीका	6
गायन	6
गिरीश	6
गीतहरू	6
गुज्रिरहेका	6
गुटमा	6
गुड	6
गुणाकर	6
गुमाइसकेको	6
गुम्ने	6
गुरुद्वारा	6
गुलाबको	6
गृहकार्य	6
गेटवे	6
गेल	6
गौतमका	6
गौशालामा	6
ग्राहकका	6
ग्राहकहरुलाई	6
ग्रीष्मकालीन	6
घटक	6
घटनास्थलमै	6
घण्टाका	6
घण्टाभन्दा	6
घण्टाभित्र	6
घरघरमा	6
घरबाहिर	6
घर्तीमगरले	6
घले	6
घाटाको	6
घातक	6
घुस	6
घोषणामा	6
चकलेट	6
चक्रवर्तीले	6
चढेको	6
चतुष्कोणीय	6
चन्दलाई	6
चम्पादेवी	6
चल्न	6
चारपाङ्ग्रे	6
चारवटै	6
चालकले	6
चासोलाई	6
चाहेजति	6
चिडियाखाना	6
चिप	6
चिफ	6
चिरशान्तिको	6
चीनसँग	6
चुनावपछि	6
चुनौतीको	6
चुप	6
चुरे	6
चेल्सीका	6
चैतमा	6
चोपडाले	6
चोलेन्द्रशम्शेर	6
चौकीका	6
च्याम्पियनशिपमा	6
छत	6
छलफलले	6
छाडेको	6
छातीमा	6
छात्राको	6
छोरीहरू	6
जगत	6
जगतप्रकाश	6
जगाउन	6
जनप्रगतिशील	6
जनावरको	6
जन्मको	6
जन्मेका	6
जमघट	6
जमानतका	6
जमीन	6
जयपुर	6
जयशंकरले	6
जरिबाना	6
जर्नल	6
जर्मनीको	6
जवाफदेहिता	6
जस	6
जस्टिन	6
जाँदैछन्	6
जाजरकोटमा	6
जातजाति	6
जाधव	6
जाम्बले	6
जितपछि	6
जित्नु	6
जिम्बाब्वेमा	6
जीर्णोद्धार	6
जीवनलाई	6
जीवन्त	6
जुलाईदेखि	6
जून	6
जेठमा	6
जेठी	6
जोखिमबाट	6
जोड्नेछ	6
जोर्डन	6
जोर्डनले	6
जोर्डनसँग	6
ज्ञवालीको	6
ज्ञानको	6
ज्ञापन	6
ज्ञापनपत्रमा	6
ज्याँ	6
ज्वाला	6
ज्वेलरी	6
झगडा	6
झापामा	6
झार्न	6
टर्कीका	6
टाँसिएको	6
टाइगर	6
टावरमा	6
टिप्पणीलाई	6
टिमलाई	6
टिमसँग	6
टीएमसीले	6
टीटुके	6
टीबीएम	6
टुक्रा	6
टुर्नामेन्ट	6
टेक्निसियन	6
टेप	6
टेलिकम	6
टेलिकमको	6
टोलीकी	6
टोलीमध्ये	6
टोलीसहित	6
ट्याग	6
ट्याप	6
ट्रकको	6
ट्रस्टले	6
ठग्ने	6
ठप्प	6
ठेगाना	6
डम्पिङ	6
डलरभन्दा	6
डाइभर्ट	6
डाइरेक्टरेट	6
डिजाइनको	6
डिप्रेसन	6
डीए	6
डीएमआरसी	6
डीके	6
डीजीपी	6
डीजेबीको	6
डीसी	6
डेङ्गु	6
डेट	6
डेनियल	6
डेभिडसनले	6
ड्युटीमा	6
ढकाललाई	6
ढङ्गले	6
ढाकास्थित	6
ढुङ्गानाले	6
ढोकामा	6
तथ्यहरू	6
तथ्यांकले	6
तथ्याङ्कमा	6
तनहुँको	6
तनावको	6
तपाईंहरू	6
तराईका	6
तर्कलाई	6
तलबबाट	6
तस्करीप्रकरणको	6
तार	6
ताल	6
तालीम	6
तिमिल्सिनाको	6
तीनवटै	6
तुलनात्मक	6
तुलाधरले	6
तोड्न	6
तोरी	6
त्यसपछिका	6
थपलिया	6
थपिन्	6
थप्छन्	6
थप्पड	6
थाल्नेछ	6
थिम	6
थोमस	6
दक्षिणपूर्वी	6
दबदबा	6
दबाबका	6
दमकलले	6
दरगाह	6
दर्जनभन्दा	6
दाङको	6
दातृ	6
दास	6
दाहालकी	6
दाहालसँग	6
दिएमा	6
दिदीबहिनी	6
दिनहरूमा	6
दिनुका	6
दिनुपर्नेमा	6
दिन्छौं	6
दिन्थे	6
दिमागमा	6
दिशानिर्देश	6
दीदी	6
दीप	6
दीपककुमार	6
दुःखको	6
दुर्भावनापूर्ण	6
देखाए	6
देखिने	6
देवेन्द्रकुमार	6
देहायबमोजिमको	6
धन	6
धनञ्जय	6
धनतेरस	6
धनबहादुर	6
धादिङको	6
धेरैलाई	6
नखेल्ने	6
नगदसहित	6
नगर्नुहोस्	6
नजर	6
नतिजाले	6
नतोकिएका	6
नन	6
नन्दनमा	6
नपु	6
नबस्ने	6
नमानेको	6
नयाँदिल्ली	6
नरेश	6
नर्स	6
नवंबर	6
नवगठित	6
नवी	6
नहरबाट	6
नागपुर	6
नागरिकसँग	6
नाट्य	6
नापतौल	6
नाममात्रको	6
नायक	6
निक	6
निकालेर	6
निखिल	6
निगमसँग	6
निगमसञ्चालक	6
निडर	6
नितिन	6
निधनमा	6
निभाएका	6
निम्त्याउन	6
निराशाजनक	6
निर्णयका	6
निर्दिष्ट	6
निर्देशनको	6
निर्मल	6
निर्वाचनअघि	6
निर्वाचनबारे	6
निर्वाचनलाई	6
निषेधाज्ञाको	6
निष्क्रिय	6
निस्कने	6
नुनको	6
नेतृत्वका	6
नेतृत्वलाई	6
नेदरल्याण्ड्सले	6
नेदरल्याण्ड्ससँग	6
नेपालकै	6
नेपालभर	6
नेपालमै	6
नेपाललगायत	6
नेम्बाङ	6
नेम्वाङलाई	6
नोटको	6
नोटमा	6
नोबेल	6
नोभेम्बरको	6
न्यानो	6
न्यायाधिकरणले	6
न्यायाधीशलाई	6
पञ्जाबबाट	6
पटवारी	6
पटाका	6
पटियाला	6
पठाउँदै	6
पठानकोट	6
पढेको	6
पतिको	6
पदपूर्ति	6
पदपूर्तिका	6
पदाधिकारीसहित	6
पद्मश्री	6
परामर्शदाता	6
परिकल्पना	6
परिकार	6
परिवर्तित	6
परिवारजनप्रति	6
परिवारमा	6
परिषद्ले	6
परिस्थितिको	6
परीक्षणपछि	6
परेन	6
पर्खाल	6
पर्यावरण	6
पर्वले	6
पश्चिमका	6
पाइप	6
पाइपलाइनमा	6
पाइलट	6
पाउनेछ	6
पाएकी	6
पागल	6
पाटनमा	6
पाटिललाई	6
पाठ्यक्रमको	6
पानीका	6
पारिजात	6
पारीको	6
पारेकी	6
पार्कहरू	6
पार्दासम्म	6
पाल्पा	6
पिक	6
पिकलबल	6
पिच	6
पिपुल	6
पीएचडी	6
पीएमकेले	6
पीडा	6
पीपीपी	6
पुग्दा	6
पुग्नुअघि	6
पुणेस्थित	6
पुनःस्थापनाका	6
पुरस्कारहरू	6
पुरानै	6
पुरुषको	6
पुलिसमा	6
पूर्वउपाध्यक्ष	6
पृष्ठभूमि	6
पेशागत	6
पैदा	6
पोखरेललाई	6
पोर्ट	6
पोलमा	6
प्यानलको	6
प्याप	6
प्यालेसमा	6
प्रक्रियाहरू	6
प्रजातिका	6
प्रजापति	6
प्रज्वल	6
प्रणालीका	6
प्रतिकार्य	6
प्रतिक्रियाको	6
प्रतिघण्टाको	6
प्रतिनिधिमण्डलका	6
प्रतिनिधिलाई	6
प्रतिवेदनलाई	6
प्रतिवेदनसहित	6
प्रतिशोधको	6
प्रतिष्ठा	6
प्रतिस्पर्धाको	6
प्रदर्शनकारी	6
प्रदर्शनकारीहरूले	6
प्रदर्शनहरू	6
प्रधानमन्त्रीसँग	6
प्रभावको	6
प्रभु	6
प्रमाणीकरणका	6
प्रमिला	6
प्रयोगशालामा	6
प्रवक्तासमेत	6
प्रविष्टि	6
प्रवृत्तिलाई	6
प्रशंसक	6
प्रशंसकहरू	6
प्रशासनमा	6
प्रशिक्षकलाई	6
प्रश्नहरू	6
प्रश्नहरूको	6
प्रसाईंले	6
प्रसूति	6
प्राप्ति	6
प्रालिका	6
प्रावधानको	6
प्रावधानलाई	6
प्रेमबहादुर	6
प्रेमिका	6
प्रोसिजर	6
फर्किरहेका	6
फर्मको	6
फर्म्याटमा	6
फलाम	6
फाइनलखेलमा	6
फाइबर	6
फाल्कन	6
फिटनेस	6
फुटपाथमा	6
फुटबलका	6
फेस्टिभलको	6
फैसलामा	6
फ्याँकिएको	6
फ्ल्याटमा	6
बंगलादेशविरुद्ध	6
बङ्गलादेशको	6
बङ्गलादेशसँग	6
बच्नका	6
बजारले	6
बजेटका	6
बझाङ	6
बडूले	6
बढाइएको	6
बढाए	6
बढ्नेछ	6
बतास	6
बनाई	6
बनाउनुपर्छ	6
बफेलो	6
बबल	6
बमबहादुर	6
बरेली	6
बर्थको	6
बस्छिन्	6
बस्थे	6
बहराइनले	6
बहराइनसँग	6
बाँच्न	6
बारामती	6
बालकुमारी	6
बालरोग	6
बालीमा	6
बालुवाको	6
बासिन्दाले	6
बासिन्दाहरूले	6
बाहेकका	6
बिग्रिएको	6
बिताएका	6
बिम्स्टेक	6
बिलियन	6
बीएमआरसीएलले	6
बीकेसी	6
बुझाइएको	6
बुथमा	6
बृहन्मुम्बई	6
बेंगलुरुको	6
बेइजिङमा	6
बेचेको	6
बेन्चलाई	6
बेलायतका	6
बेलायतमा	6
बेसमेन्ट	6
बेहोस	6
बैंकहरूको	6
बैंकहरूलाई	6
बैंक्वेटमा	6
बैंगलोर	6
बोतलको	6
बोरिचा	6
बोलाउनुभएको	6
बोल्ड	6
बोसले	6
बौद्ध	6
ब्याग	6
ब्याट्सम्यानलाई	6
ब्राजिल	6
ब्रान्चले	6
ब्रेकफास्ट	6
भइरहेकाले	6
भएकालाई	6
भगवती	6
भनिरहेको	6
भन्नु	6
भर्नाका	6
भाँडाकुँडा	6
भागेका	6
भाडादर	6
भारोत्तोलक	6
भावनाको	6
भाषणको	6
भिआइपी	6
भिएमसी	6
भिजुअल	6
भिडियोको	6
भित्तामा	6
भित्री	6
भियतनामसँग	6
भीके	6
भुटानको	6
भुटानले	6
भुवन	6
भृकुटीमण्डपमा	6
भेटपछि	6
भेट्ने	6
भेन्टिलेटर	6
भेन्डिङ	6
भेषावकर	6
भेहिकल	6
भोल्युम	6
भ्रम	6
भ्रमणबारे	6
भ्रमणलाई	6
मंसिरमा	6
मजदुरले	6
मञ्चले	6
मञ्जुदेवी	6
मण्डलामा	6
मतदाताले	6
मतदानका	6
मधेशमा	6
मनमोहक	6
मनमोहन	6
मनाउँदैछ	6
मनोजकुमार	6
मनोनित	6
मन्त्रिपरिषद्बाट	6
मन्त्रीका	6
मन्त्रीहरु	6
मन्त्रीहरू	6
मन्त्रीहरूलाई	6
मर्ज	6
मलिकले	6
मल्टिमिडिया	6
मल्लका	6
मस्यौदालाई	6
महर्जनको	6
महानगरको	6
महानगरले	6
महान्यायाधिवक्ता	6
महारानी	6
महाराष्ट्रबाट	6
महावाणिज्य	6
महासभाको	6
महिनाभित्रै	6
महिने	6
माछाको	6
मानहानिको	6
मानिन्छन्	6
मार्गबाट	6
मार्चसम्ममा	6
मिटरसम्म	6
मिडियाको	6
मितिसम्म	6
मिनु	6
मिनेटका	6
मिलन	6
मिला	6
मिलान	6
मिल्ने	6
मीटर	6
मुकुन्द	6
मुखिया	6
मुख्यमन्त्रीका	6
मुटुमा	6
मुताइरी	6
मुनाफा	6
मुनेत्र	6
मुबारक	6
मुम्बईले	6
मुलुकभर	6
मुलुकी	6
मुस्ताङको	6
मृतकको	6
मेगावाटसम्म	6
मेशिनरी	6
मेसर्स	6
मोड	6
मोडलमा	6
मोढवाडियाले	6
मोरङका	6
मोहल्ला	6
मोहित	6
म्याराथनमा	6
म्युचुअल	6
यहाँका	6
याएबापत	6
यातायातका	6
यात्रुहरू	6
याद	6
याम	6
युएईका	6
युएईबीचको	6
युगको	6
युद्धको	6
युनाइटेड	6
युनिभर्सिटीका	6
युवकको	6
युवकले	6
युवाहरू	6
यूएभी	6
योगफलमा	6
योजनाकार	6
योजनाबद्ध	6
योजनामन्त्री	6
रङ्गशालाको	6
रञ्जना	6
रसिद	6
रहमानले	6
राइड	6
राइसला	6
राईका	6
राख्छन्	6
राख्नेछौं	6
राजनीतिका	6
राजनीतिको	6
राजविराज	6
राज्यसभाका	6
राज्यहरूलाई	6
राप्रपाको	6
रामकृष्ण	6
रामदास	6
रामशरण	6
राम्रा	6
रायन	6
रावत	6
राशन	6
राष्ट्रसँग	6
राष्ट्रियताको	6
रिङ	6
रिजाललाई	6
रिडिङ	6
रिपब्लिक	6
रिपोर्टहरू	6
रिपोर्टिङ	6
रिभर	6
रियालिटी	6
रिसोर्टमा	6
रेकर्डले	6
रेकर्डहरू	6
रेग्मीका	6
रेग्मीको	6
रेड	6
रेड्डी	6
रेणुकुमारी	6
रेमिटेन्स	6
रेलका	6
रेलमन्त्री	6
रेलमार्गमा	6
रेसियो	6
रोगबाट	6
रोजाइमा	6
रोडको	6
रोमान्टिक	6
रोयल्टी	6
रोल	6
र्यापर	6
ल	6
लगाइदिने	6
लगाइयो	6
लगायो	6
लडिरहेका	6
लड्नका	6
लन्डन	6
ललितपुरका	6
लाइफटाइम	6
लाभको	6
लिँदा	6
लिइनेछ	6
लिइरहनुभएको	6
लिनुभएको	6
लिया	6
लुक्लाका	6
लुगा	6
लूप	6
लेगमा	6
लेफ्टिनेन्ट	6
लेबनानको	6
लेभल	6
लोकायुक्त	6
लोन	6
ल्याउँदा	6
ल्याउनको	6
ल्याउनुपर्ने	6
ल्याटिन	6
ल्यायो	6
वकील	6
वक्फ	6
वजन	6
वयस्क	6
वर्गीकृत	6
वाक्य	6
वार्डहरूको	6
वाला	6
वालेट	6
वालेटमा	6
विकासले	6
विचारमा	6
विचारलाई	6
विजयकुमार	6
विजेतासँग	6
विदर्भ	6
विदेशबाट	6
विद्यार्थीहरूमा	6
विधानसभाले	6
विधायकहरूको	6
विधेयकले	6
विन	6
विनायक	6
विनोदकुमार	6
विपक्षका	6
विपक्षीले	6
विरलै	6
विरासत	6
विश्वस्तरीय	6
विषयका	6
विषयहरूमा	6
विष्टलाई	6
विष्णुपुकार	6
विस्तारले	6
वीरगञ्जका	6
वुमन	6
वृत्त	6
वेब	6
वैमनस्यता	6
वोट	6
व्यक्तिविरुद्ध	6
व्यक्तिहरूसँग	6
व्यवसायले	6
शनिबारको	6
शय्या	6
शरदसिंह	6
शर्मामाथि	6
शर्मिला	6
शवको	6
शशी	6
शहरभरि	6
शहरहरूमा	6
शान्त	6
शाहरुख	6
शिक्षित	6
शिल्पा	6
शिविर	6
शिशु	6
शुल्कको	6
शुल्कमा	6
शून्यमा	6
शृंखलामा	6
शेर्पाको	6
शैलेन्द्र	6
शोकमा	6
शोको	6
श्रमिकहरूको	6
श्रीलंकामा	6
श्रीलंकालाई	6
श्रीलंकाले	6
श्रेयस	6
षडयन्त्रको	6
संकटमा	6
संकलनमा	6
संगीतको	6
संघलाई	6
संचालन	6
संजय	6
संयोजकमा	6
संविधानअनुसार	6
संविधानसभाका	6
संशोधनको	6
संसद्लाई	6
संसारको	6
संस्कृतिलाई	6
संस्थाबाट	6
संस्थाहरूले	6
सकिनँ	6
सकेसम्म	6
सक्नुहुन्न	6
सङ्क्रमणका	6
सङ्गठनको	6
सङ्ग्रहालयमा	6
सचदेवाले	6
सचेतकको	6
सजावटी	6
सञ्चारमाध्यमका	6
सञ्चालकलाई	6
सञ्चालकले	6
सञ्जीव	6
सञ्जु	6
सडकहरूमा	6
सत्तापक्ष	6
सदनबाट	6
सन्तुष्टि	6
सन्दर्भ	6
सबैसँग	6
समझ	6
समनको	6
समन्वयमा	6
समर्थकले	6
समर्थकहरू	6
समर्थनको	6
समायोजित	6
समारोहको	6
सम्हाल्न	6
सरकारप्रति	6
सरकारबीचको	6
सरपंच	6
सरोकार	6
सरोज	6
सर्जरी	6
सर्भर	6
ससून	6
सहकारीले	6
सहभागितामा	6
सहभागीहरूले	6
सहरमा	6
सहुलियतपूर्ण	6
साँझसम्म	6
साइन	6
साई	6
साझेदारीलाई	6
साझेदारीले	6
साधनहरू	6
सान्त्वना	6
सामसङ	6
सार्क	6
सार्वभौम	6
सास	6
साहको	6
सिंहगाड	6
सिंहदरबार	6
सिकलसेल	6
सिक्ने	6
सिटकम	6
सिटीमा	6
सिटीले	6
सिटौलाले	6
सिनेटका	6
सिन्हा	6
सिमी	6
सिलवालले	6
सिस्टममा	6
सीआरपीसी	6
सीएम	6
सीएलयू	6
सीजी	6
सीटको	6
सीटमा	6
सीटहरू	6
सीडीआर	6
सीताराम	6
सीसी	6
सुगर	6
सुदर्शन	6
सुनका	6
सुनकोशी	6
सुनिश्चितता	6
सुनेका	6
सुरक्षण	6
सूक्ष्म	6
सेटलमेन्ट	6
सेबोनका	6
सेवन	6
सेवाग्राहीले	6
सोच्छन्	6
सोच्न	6
सोनिया	6
सोलु	6
स्केट	6
स्केटबोर्डिङ	6
स्क्वायर	6
स्टारको	6
स्टिकर	6
स्टेशनलाई	6
स्टेसनबाट	6
स्ट्रिट	6
स्थानलाई	6
स्थानीयले	6
स्थापनामा	6
स्थितिलाई	6
स्थिरता	6
स्पेन	6
स्पेनिस	6
स्पोन्सर	6
स्याउ	6
स्यानिटाइजर	6
स्रोतमा	6
स्रोतहरू	6
स्वयंसेवक	6
स्वरुप	6
स्वामी	6
स्वास्थ्यअवस्थाबारे	6
स्वीकृतिको	6
स्वेच्छाले	6
हक	6
हजारमा	6
हत्यामा	6
हप्ताका	6
हर	6
हरिश	6
हल्ला	6
हाइपर	6
हानी	6
हामीमध्ये	6
हालेको	6
हावामा	6
हिंसात्मक	6
हिसाब	6
हुँदाहुँदै	6
हुनबाट	6
हुनुपर्नेमा	6
हुनुहुनेछ	6
हुनेको	6
हुनेले	6
हुमागाईंले	6
होंगे	6
होलेन	6
ह्वाटमोरले	6
ह्वाट्सएपमा	6
्ने	6
०२	6
०९	6
१११	6
११६	6
१२१	6
१२७	6
१२८	6
१७६	6
१७७	6
१९०	6
१९२	6
१९८३	6
१९९३	6
१९९४	6
२००१	6
२००६	6
२०२७	6
२१७	6
२३०	6
२७४	6
२७५	6
२८०	6
३११	6
३३०	6
४८५	6
५४३	6
८७०	6
८९०	6
18	5
19	5
200	5
2017	5
2020	5
2021	5
28	5
45	5
80	5
अँध्यारो	5
अँध्यारोमा	5
अकाउन्टमा	5
अकाली	5
अक्सनमा	5
अखुन्दजी	5
अगस्त	5
अग्रवाललाई	5
अच्युत	5
अजितले	5
अटल	5
अण्डरपास	5
अण्डा	5
अतिविशिष्ट	5
अत्यन्तै	5
अदालतसमक्ष	5
अदालती	5
अधिकारका	5
अधिवक्ताले	5
अधिसूचित	5
अध्यक्षलाई	5
अनगिन्ती	5
अनभिज्ञ	5
अनियमित	5
अनियमितताको	5
अनिश्चितता	5
अनुमतिपत्रका	5
अनुमानको	5
अनुमानमा	5
अनुरोधको	5
अनुरोधमा	5
अनुशासनको	5
अन्तक्र्रियामा	5
अन्तरक्रियात्मक	5
अन्तरसरकारी	5
अन्तर्वार्ताका	5
अन्त्येष्टिका	5
अन्नामलाईको	5
अन्यको	5
अन्यलाई	5
अपको	5
अपनाउनु	5
अपने	5
अपरेटर	5
अपार्टमेन्टको	5
अप्रत्याशित	5
अफगानिस्तानसँग	5
अफवाह	5
अफिसमा	5
अफ्रिकामा	5
अफ्रिदी	5
अबुधाबीमा	5
अभिन्न	5
अभ्यासहरू	5
अमरावती	5
अमरुद	5
अमरुदका	5
अमरेन्द्र	5
अमान्य	5
अमेरिकाबीचको	5
अमोल	5
अयोध्याको	5
अरु	5
अरोरा	5
अर्काे	5
अर्जेन्टिना	5
अर्थमन्त्रीको	5
अर्थमन्त्रीमा	5
अर्धवार्षिक	5
अर्बन	5
अर्यालका	5
अर्ली	5
अलराउन्ड	5
अल्फ्रेड	5
अवधारणालाई	5
अवरोधहरू	5
अवसरहरूको	5
अवस्थालाई	5
अविवाहित	5
अविश्वसनीय	5
अवे	5
अशक्त	5
अशोकनाथ	5
अश्विन	5
अष्टबहादुर	5
असहयोग	5
असामयिक	5
असारदेखि	5
अस्वाभाविक	5
अहिलेसम्मको	5
आँखाको	5
आँखामा	5
आँच	5
आइकन	5
आइडल	5
आइतबारका	5
आइपिएलका	5
आइपिओ	5
आइपुग्नेछ	5
आइफोन	5
आइसिटी	5
आईडी	5
आउनुहोस्	5
आएन	5
आकारको	5
आखिर	5
आगन्तुकहरूको	5
आगमनमा	5
आगलागीबाट	5
आगलागीमा	5
आग्रहमा	5
आग्रहलाई	5
आणविक	5
आतंकवादी	5
आत्मघाती	5
आदेशपछि	5
आधारहीन	5
आनाकानी	5
आन्दोलनलाई	5
आफैंले	5
आफैलाई	5
आमाबाबुले	5
आमूल	5
आम्दानीमा	5
आयातित	5
आयुक्तलाई	5
आयुक्तले	5
आयोगसँग	5
आयोजकको	5
आरएमएल	5
आरडब्ल्यूआईटीसीका	5
आरोटेले	5
आरोपबारे	5
आरोहीले	5
आर्कटिकमा	5
आर्द्रता	5
आर्यघाटमा	5
आलमले	5
आवरको	5
आवरण	5
आवश्यकताअनुसार	5
आशङ्कामा	5
आश्चर्य	5
आश्रय	5
आहार	5
इंग्ल्याण्ड	5
इकाइले	5
इङ्ल्यान्ड	5
इङ्ल्यान्डको	5
इजलाससमक्ष	5
इट	5
इटाली	5
इनारमा	5
इन्जिनियर	5
इन्टरनेटको	5
इन्टरनेटमा	5
इन्डिजले	5
इन्डियाका	5
इन्डियाले	5
इन्फ्रा	5
इन्साइडर	5
इन्स्टिच्युटका	5
इब्राहिम	5
इमान्दारीपूर्वक	5
इयू	5
इरान	5
इरानको	5
इलामको	5
इलेक्ट्रिसिटी	5
इलेक्ट्रोनिक्स	5
ईडीमा	5
उज्बेकिस्तानमा	5
उज्बेकिस्तानलाई	5
उठ्दैन	5
उत्तरदायित्व	5
उत्तरपुस्तिकाको	5
उत्तरपूर्वी	5
उत्थानका	5
उत्पादकत्व	5
उत्पादनले	5
उदाहरणहरू	5
उद्यमशीलताको	5
उनीहरूबाट	5
उपग्रह	5
उपचाररत	5
उपनगरको	5
उपनिर्देशक	5
उपसभामुखमा	5
उपेक्षा	5
उप्रेती	5
उमर	5
उमाकान्त	5
उमेशप्रसाद	5
उम्मेदवारहरूलाई	5
उल्हासनगरको	5
उषा	5
उहाँप्रति	5
ऊर्जाको	5
ऋणदाताहरूको	5
ऋणीलाई	5
एआइजी	5
एएसआई	5
एकअर्कालाई	5
एकडको	5
एकाइको	5
एकाइहरू	5
एकेडेमीले	5
एक्जिट	5
एक्याप	5
एक्सपोजर	5
एक्सप्रेसवे	5
एजेन्टको	5
एजेन्टले	5
एटीएस	5
एड	5
एनआईएले	5
एनएसजेएफ	5
एन्जियोप्लास्टी	5
एन्थोनी	5
एफिल	5
एबी	5
एमएआरडीका	5
एमके	5
एमजी	5
एमटिभी	5
एमपी	5
एमी	5
एम्बुलेन्स	5
एम्सका	5
एयरका	5
एयरपोर्टमा	5
एयरवेजको	5
एलन	5
एलिभेटेड	5
एलिस	5
एशोसिएशनको	5
एसआर	5
एसईई	5
एसएएम	5
एसकेएम	5
एसडी	5
एसियाको	5
एसोसिएटेड	5
एसोसिएशनको	5
एस्केलेटरको	5
ए३२०	5
ए३३०	5
ऐरीलाई	5
ऑफ	5
ओझा	5
ओपनको	5
ओपनरद्वय	5
ओभरब्रिज	5
ओलम्पिकका	5
ओलम्पिकको	5
ओलीका	5
ओलीबीच	5
ओसारपसार	5
ओसीआई	5
ओहदामा	5
ओहोदाको	5
कक्षामा	5
कतारलाई	5
कतारले	5
कत्तिको	5
कदमका	5
कदमबारे	5
कन्सल्टेन्सीले	5
कबड्डी	5
कबड्डीमा	5
कबाब	5
कमलप्रसाद	5
कमसेकम	5
कमिटीमा	5
कमिसनले	5
कमीलाई	5
कमोडिटी	5
कम्पनीमध्ये	5
कम्युनिष्टहरु	5
कम्युनिस्ट	5
करबाट	5
करहरू	5
करो	5
कर्माचार्य	5
कलमा	5
कलाकारहरूको	5
कसको	5
कसैको	5
कांग्रेसलाई	5
कागजी	5
कातामा	5
कात्तिकमा	5
कानूनका	5
कामकाजमा	5
कामकाजी	5
कामदारहरू	5
कारखानामा	5
कारबाहीका	5
कारमा	5
कारहरू	5
कार्डमा	5
कार्डमार्फत	5
कार्डहरू	5
कार्यसम्पादनमा	5
कार्रवाई	5
कालोबजारी	5
काशी	5
कास्कीका	5
किट	5
किड्स	5
किनमेल	5
किनारामा	5
किनेको	5
किनेर	5
किम	5
किरणकुमार	5
किल	5
किलोग्राम	5
किलोवाट	5
कीरा	5
कीर्तिपुर	5
कुखुरामा	5
कुख्यात	5
कुमारीले	5
कुरालाई	5
कृतज्ञ	5
कृति	5
कृत्रिम	5
कृष्णनले	5
कृष्णभक्त	5
केएल	5
केटाले	5
केटी	5
केटीएम	5
केन्द्रहरूमा	5
केन्याविरुद्धको	5
केन्यासँग	5
केरलाका	5
केसीको	5
कैदी	5
कैदीहरू	5
कैलाली	5
कैलालीको	5
कोइरालालाई	5
कोच	5
कोटेश्वर	5
कोलम्बो	5
कोशीका	5
कौन	5
क्या	5
क्याट	5
क्यारेट	5
क्यालिफोर्नियाको	5
क्यालेन्डर	5
क्रिजमा	5
क्रिसमस	5
क्लबहरूले	5
क्लस्टर	5
क्लाइन्टले	5
क्लिन	5
क्लियरिङ	5
क्वालिटी	5
खत्रीका	5
खनन	5
खनालका	5
खनालको	5
खन्ने	5
खलल	5
खसरा	5
खसेका	5
खाएको	5
खाका	5
खाताहरूमा	5
खानेपानीको	5
खुट्टा	5
खेतीयोग्य	5
खेलकुदमन्त्री	5
खेलाडीहरूलाई	5
खेल्छन्	5
खेल्दा	5
खेल्नका	5
खोजे	5
खोलामा	5
ख्याति	5
गजेन्द्र	5
गडबडी	5
गढ	5
गभर्नमेन्ट	5
गर	5
गराउनु	5
गरिएसँगै	5
गरिबीको	5
गरिसक्नुभएको	5
गरेयता	5
गर्दैनौं	5
गर्नुले	5
गर्नेकार्यक्रम	5
गर्नेछौँ	5
गहतराज	5
गहनाहरू	5
गायकवाडको	5
गायब	5
गाली	5
गिरोह	5
गुज्रिरहेको	5
गुटेर्रेस	5
गुडगाँव	5
गुप्तालाई	5
गुमाउन	5
गुरजन्त	5
गृहको	5
गृहनगर	5
गेम्समा	5
गोकर्ण	5
गोल्डी	5
गोविन्दप्रसाद	5
गौरी	5
गौरीले	5
ग्याप	5
ग्राउन्डमा	5
ग्रिड	5
ग्लोब	5
घटनाक्रम	5
घटनाप्रति	5
घटनास्थलको	5
घट्न	5
घण्टी	5
घमण्ड	5
घरका	5
घरमै	5
घर्तीमगर	5
घाइतेहरुको	5
घिसिङका	5
घुमिरहेका	5
घुलमिल	5
घेरिएको	5
घोर	5
घोषणालाई	5
चंडीगढ़	5
चकनाचुर	5
चक्रपथमा	5
चढ्न	5
चढ्ने	5
चण्डीगढबाट	5
चण्डीगढस्थित	5
चन्दको	5
चन्द्रकला	5
चन्द्रप्रसाद	5
चन्द्रिमा	5
चयनका	5
चरणअन्तर्गत	5
चरणबद्ध	5
चराको	5
चराहरूको	5
चलाइएको	5
चल्छ	5
चाडबाडका	5
चाप	5
चालकको	5
चावडाले	5
चाहनेले	5
चाहन्थिन्	5
चाहन्नँ	5
चाहेकाले	5
चाहेमा	5
चिकित्सकलाई	5
चिडियाखानामा	5
चितवनका	5
चित्त	5
चिनिन्छन्	5
चिनो	5
चिप्स	5
चुनौतीलाई	5
चूर्ण	5
चोकर	5
चोङकिङ	5
चोटपटक	5
चौमासिक	5
चौहान	5
चौहानले	5
च्यानलमार्फत	5
च्यानलहरू	5
च्याम्पियनशिप	5
छत्रपति	5
छलफललाई	5
छाडेका	5
छाड्न	5
छात्रावास	5
छाप्ने	5
छाब्रियाले	5
छायाँकन	5
छूटको	5
छोडिएको	5
छोडेर	5
छोराले	5
जंगली	5
जगजीत	5
जगाएको	5
जगाडेले	5
जगेडा	5
जनकपुरधाम	5
जनगणनाको	5
जनचेतना	5
जनतासँग	5
जनप्रतिनिधिले	5
जनप्रदर्शन	5
जनस्वास्थ्य	5
जनाभन्दा	5
जनावरहरू	5
जन्मदिनमा	5
जमानतको	5
जमीनमा	5
जम्प	5
जम्मू	5
जर्मनीले	5
जलयात्रा	5
जलेको	5
जलेश्वरमा	5
जवानहरू	5
जवाहरलाल	5
जहाजको	5
जहाजलाई	5
जाओ	5
जाकिर	5
जागरुक	5
जागिरको	5
जाजरकोटका	5
जाधवको	5
जानबाट	5
जानुअघि	5
जिम	5
जिम्बावेमा	5
जिला	5
जिल्लाहरू	5
जिसी	5
जीएमएलआर	5
जीएसडीपीको	5
जीजी	5
जीवनभर	5
जीवनले	5
जीवले	5
जीवितै	5
जुनमहिनामा	5
जुनागढ	5
जेनिफर	5
जेरी	5
जेसीजले	5
जॉब	5
जोडीको	5
जोडीलाई	5
झन्झट	5
झाँक्रीले	5
झाको	5
झोला	5
झ्यालको	5
टनभन्दा	5
टमाटाले	5
टर्कीमा	5
टाउको	5
टीआर	5
टेक्नोलोजीको	5
टेलर	5
टोकराज	5
टोलीबीचको	5
टोलीमाथि	5
ट्याङ्की	5
ट्रम्पको	5
ट्रम्पले	5
ट्रस्टलाई	5
ट्रान्सजेन्डर	5
ट्राभल्स	5
ट्रेनमा	5
ट्रेनहरूको	5
ट्र्याकहरू	5
ट्र्याकिङ	5
ट्वीटर	5
ठगीको	5
ठेकेदारहरू	5
ठेकेदारहरूले	5
डच	5
डबल्स	5
डाइभर्सन	5
डाक्टरलाई	5
डायबिटिज	5
डायमन्ड	5
डार्विनको	5
डिजाइनका	5
डिपोबाट	5
डिफेन्स	5
डिभिजनका	5
डिभिजनको	5
डिमप्रकाश	5
डिलर	5
डिस्प्ले	5
डीएमआरसीका	5
डीसीपीले	5
डुबानमा	5
डुबेका	5
डेनियल्सले	5
डेपुटेशन	5
डेब्यू	5
डेभ	5
डेभिडसन	5
डेली	5
डेस्क	5
डॉ	5
डोज	5
ड्र	5
ढाकेको	5
ढुंगानालाई	5
ढोकाबाट	5
तटकरेले	5
तत्व	5
तत्वहरू	5
तथ्यलाई	5
तदनुसार	5
तदर्थ	5
तनहुँ	5
तनावपूर्ण	5
तमु	5
तर्जमा	5
तहसनहस	5
तानिएको	5
तान्जानिया	5
तामाकोशी	5
तामाङको	5
तारांकित	5
तालुक	5
तास	5
तिनीहरूमध्ये	5
तिरेका	5
तिवारी	5
तीनदेखि	5
तुलाधर	5
तुलाधरलाई	5
तेक्वान्दोको	5
तैयार	5
तोडेकी	5
तोडेको	5
त्यसमध्ये	5
त्यसरी	5
त्रिपाठी	5
त्रुटिहरू	5
थप्न	5
थाइल्याण्डका	5
थाइल्याण्डलाई	5
थाइल्याण्डले	5
थापाथलीस्थित	5
थाल्ने	5
दक्षता	5
दक्षिणपन्थी	5
दमन	5
दरहरू	5
दर्जनौं	5
दलमा	5
दलहरुबीच	5
दशैँका	5
दावा	5
दावी	5
दाहिने	5
दिँदा	5
दिइएन	5
दिएकाले	5
दिएकोमा	5
दिन्छु	5
दिलेन्द्रप्रसाद	5
दिव्या	5
दिशा	5
दीपिका	5
दीर्घकालमा	5
दुईपाङ्ग्रे	5
दुईभन्दा	5
दुर्गन्ध	5
दुर्घटनाका	5
दुर्घटनावश	5
दृष्टि	5
दृष्टिकोणबाट	5
दृष्टिकोणले	5
देखाउँदछ	5
देखायो	5
देखेँ	5
देख्नुहुन्छ	5
देबनाथ	5
देवान	5
देवानी	5
देशसँग	5
दो	5
दौरान	5
धनुषा	5
धम्कीको	5
धाँधली	5
धितो	5
धिरजप्रताप	5
धुम्बाराहीमा	5
धुम्बाराहीस्थित	5
धुलो	5
नकआउट	5
नगरको	5
नगरिने	5
नगर्दा	5
नचलाउने	5
नछोड्ने	5
नजिकिँदै	5
नजिकैका	5
नतिरेका	5
नतिर्ने	5
नदिइने	5
नदिए	5
नदिएपछि	5
नपाउँदा	5
नपाएपछि	5
नबढाए	5
नमानेपछि	5
नयाँदिल्लीस्थित	5
नरदेवी	5
नराखिएको	5
नरेन्द्रभाई	5
नलाग्ने	5
नलिई	5
नवप्रवर्तन	5
नवीनकुमार	5
नसकेमा	5
नाइक	5
नाउ	5
नाकाका	5
नाग	5
नागरिकताको	5
नाटकमा	5
नाटकीय	5
नातेदार	5
नानाले	5
नान्देड	5
नामांकन	5
नामित	5
नायर	5
नारायणगढ	5
निकाले	5
निकासी	5
निधनका	5
निधिले	5
निभाउन	5
नियमनको	5
नियमावलीमा	5
निराजन	5
निरौलालाई	5
निर्णयसँगै	5
निर्देशनपछि	5
निर्देशनहरू	5
निलेश	5
निवेदक	5
निवेदकको	5
निष्काशन	5
निष्कासित	5
निसिम	5
निस्केपछि	5
नीलम	5
नेकपाका	5
नेताहरुलाई	5
नेताहरूका	5
नेत्र	5
नेपथ्यको	5
नेपथ्यले	5
नेपालीसँग	5
नेप्सेका	5
नेम्वाङको	5
न्यायपरिषद्का	5
न्यायाधिकरण	5
न्यायाधीशहरु	5
न्यारोबडी	5
न्युगिनीसँग	5
न्युयोर्कको	5
न्यूमा	5
पक्षहरू	5
पक्षहरूको	5
पक्षी	5
पटवालले	5
पटोलेले	5
पट्टी	5
पठाउनु	5
पठाए	5
पण्डित	5
पतंग	5
पतिलाई	5
पत्नीलाई	5
पत्रकारको	5
पदकको	5
पदस्थ	5
पदों	5
पद्मप्रसाद	5
पन्तका	5
पन्तले	5
पराजुलीका	5
परिवर्तनहरू	5
परिश्रम	5
परिसरबाट	5
परिसरभित्र	5
पर्दाफास	5
पर्यटकका	5
पर्यटनका	5
पर्वका	5
पल्सर	5
पवारका	5
पवारनेतृत्वको	5
पवारसँग	5
पवित्रता	5
पवित्रा	5
पवेलियन	5
पशुपालन	5
पश्चिमको	5
पसेको	5
पस्न	5
पहाड	5
पहिचानका	5
पहिरो	5
पहिलेदेखि	5
पाँचौ	5
पाइन्	5
पाउँछ	5
पाउनुपर्छ	5
पाउनुपर्ने	5
पाएर	5
पाकिस्तानबीच	5
पाटिलका	5
पात्रहरू	5
पारिएका	5
पारिन्	5
पार्ट	5
पार्टीभित्रको	5
पाल्सी	5
पासमा	5
पिटर	5
पियरे	5
पीआईएल	5
पीए	5
पीएमके	5
पीएमसी	5
पीक	5
पीसीएस	5
पुँजी	5
पुगिसकेका	5
पुग्नेछन्	5
पुग्यो	5
पुनःसंरचना	5
पुनर्मूल्यांकन	5
पुरुषतर्फको	5
पुर्याइएको	5
पुस्ताका	5
पुस्तालाई	5
पूँजीको	5
पूछा	5
पूजाअर्चना	5
पूर्णतया	5
पूर्वमा	5
पूर्ववर्ती	5
पेमेन्ट	5
पोखराबाट	5
पोटर	5
पोर्टफोलियो	5
पोलिसी	5
पौडेलबीच	5
पौराणिक	5
प्याजको	5
प्याट	5
प्यानलबाट	5
प्यालेस्टाइन	5
प्रकोप	5
प्रगतिमा	5
प्रचारका	5
प्रचारप्रसार	5
प्रणालीबाट	5
प्रताप	5
प्रतिक्रियामा	5
प्रतिनिधिसँग	5
प्रतिपक्षमा	5
प्रतिबद्धताअनुसार	5
प्रतिबद्धताका	5
प्रतिबन्धहरू	5
प्रतियोगिताहरूमा	5
प्रतिवर्ष	5
प्रतिवादीको	5
प्रतिष्ठान	5
प्रतिस्पर्धी	5
प्रत्यारोपण	5
प्रदर्शनकारीले	5
प्रदेशसभाबाट	5
प्रभार	5
प्रभावमा	5
प्रभावले	5
प्रमाणपत्रका	5
प्रमोद	5
प्रयोगकर्ताहरूलाई	5
प्रलोभन	5
प्रलोभनमा	5
प्रवद्र्धनमा	5
प्रवासी	5
प्रवेशद्वार	5
प्रसादले	5
प्रान्तीय	5
प्रायजसो	5
प्रितम	5
प्रिय	5
प्रेमलताले	5
प्रेमी	5
प्रेसलाई	5
प्रोफाइल	5
प्रोफेसर	5
प्रोसेसिङ	5
प्लटहरू	5
प्लाटिनम	5
प्ले	5
प्लेअफ	5
प्लेअफको	5
प्लेइङ	5
प्वाइन्ट	5
फड्को	5
फर्काइएको	5
फर्ममा	5
फर्मुला	5
फलफूलको	5
फलो	5
फाइभ	5
फाइलमा	5
फाउन्डेसन	5
फाउन्डेसनका	5
फाउन्डेसनले	5
फिक्सिङ	5
फिजिकल	5
फिर	5
फिल्ड	5
फिल्मका	5
फुकुओकामा	5
फुटबलबाट	5
फुयाँलको	5
फेन्सिङ	5
फेर्न	5
फेल	5
फेसबुकको	5
फैलाइएको	5
फैलाउन	5
फोटोग्राफर	5
फोटोमा	5
फोर्स	5
फोहोरको	5
फोहोरा	5
फ्याकल्टी	5
फ्यान	5
फ्युल	5
फ्रान्सको	5
फ्रैंकलिन	5
फ्लाइङ	5
बंगलादेशी	5
बक्सर	5
बगैंचामा	5
बङ्गलादेशबाट	5
बङ्गलादेशले	5
बङ्गाललाई	5
बच्चाले	5
बजेबाट	5
बज्राचार्य	5
बज्राचार्यका	5
बडादशैँ	5
बढाउँछ	5
बढाउँदै	5
बढाउनका	5
बढ्छ	5
बताउँछ	5
बताउने	5
बदर	5
बनाइने	5
बनाउनुका	5
बनेर	5
बन्जी	5
बन्दी	5
बबई	5
बरालले	5
बर्न	5
बलजफ्ती	5
बलजीत	5
बलरा	5
बललाई	5
बल्क	5
बसाइको	5
बसिर	5
बसिरहेको	5
बसे	5
बस्नेतका	5
बहाल	5
बहिनीको	5
बहुउद्देश्यीय	5
बाँसबारीस्थित	5
बाढीको	5
बानेश्वर	5
बानो	5
बायजुको	5
बालकको	5
बालकुमारीमा	5
बालीको	5
बासिन्दाको	5
बासिन्दाहरूको	5
बाहर	5
बाहिरको	5
बाहिरबाट	5
बिक्रीबाट	5
बिक्रेताले	5
बिछ्याउने	5
बियोन्से	5
बियोन्सेले	5
बिरामीहरूलाई	5
बिरूद्ध	5
बिलमा	5
बिश्नोई	5
बिहारको	5
बीआर	5
बीजे	5
बीना	5
बुँदामा	5
बुकिङका	5
बुझाउनु	5
बुझाएपछि	5
बुझेका	5
बुझेको	5
बुटिक	5
बुथ	5
बूढीगङ्गा	5
बूढीगण्डकी	5
बृहत्तर	5
बेइजिङस्थित	5
बेचेका	5
बेच्न	5
बेबी	5
बेरोजगार	5
बेल्जियमका	5
बेस	5
बेस्टले	5
बैकुण्ठ	5
बैङ्क	5
बैठकहरूमा	5
बो	5
बोझ	5
बोलको	5
ब्याजमा	5
ब्याजसहित	5
ब्यानरमा	5
ब्रिटिश	5
ब्रिटिस	5
ब्लकको	5
भइसकेकाले	5
भएकाहरुको	5
भक्तपुरका	5
भक्ति	5
भण्डाफोर	5
भत्काएको	5
भन्छु	5
भन्नुहोस्	5
भरतकुमार	5
भरिभराउ	5
भरुच	5
भर्तीमा	5
भर्नुअघि	5
भाइटीका	5
भाइले	5
भाकपा	5
भागवत	5
भाग्यशाली	5
भापा	5
भायखला	5
भार	5
भारततर्फ	5
भारतविरुद्ध	5
भारीले	5
भारुबाट	5
भावनाहरू	5
भिक्टोरिया	5
भित्रको	5
भित्र्याउन	5
भिन्नता	5
भीषण	5
भुजबललाई	5
भुटानका	5
भूकम्पपीडितलाई	5
भेटेरिनरी	5
भेदभाव	5
भेलामा	5
भोसले	5
भ्यानिटी	5
भ्याली	5
भ्रमणले	5
भ्रममा	5
भ्रामक	5
मंगल	5
मंजूरी	5
मई	5
मकवानपुरको	5
मकै	5
मछिन्द्रले	5
मञ्चको	5
मञ्चन	5
मतदाताहरूलाई	5
मतदानको	5
मतपत्रमा	5
मतभेद	5
मदनदास	5
मद्दतले	5
मधेशको	5
मध्यरातदेखि	5
मध्यस्थता	5
मनगढन्ते	5
मनरेगाको	5
मनसुनको	5
मनाइँदैछ	5
मनाइरहेका	5
मनाउँदै	5
मनिषा	5
मनोबल	5
मनोवैज्ञानिक	5
मन्ड्या	5
मन्त्रिपरिषद्का	5
मन्त्रीमा	5
मन्त्रीहरुले	5
मन्थली	5
मयंक	5
मरणोपरान्त	5
मलिक	5
मलेसियन	5
मलेसियाविरुद्धको	5
मह	5
महत्वका	5
महरा	5
महराका	5
महरौली	5
महरौलीमा	5
महानगर	5
महाप्रवन्धक	5
महामारीबाट	5
महामारीले	5
महाराजगञ्ज	5
महासचिवको	5
माउन्ट	5
माओवादीको	5
मागका	5
मागे	5
मागेर	5
माघमा	5
मातृ	5
मानक	5
मानिसको	5
मानिसहरुलाई	5
मान्छे	5
मान्ने	5
मारेका	5
मार्केट	5
मार्न	5
मार्सल	5
मालबाहक	5
मालिया	5
माल्दिभ्सले	5
माल्यार्पण	5
मिचेल	5
मिठाइ	5
मिठाई	5
मिडियाले	5
मिडियासँग	5
मिनी	5
मिन्ट	5
मिलाउन	5
मिशन	5
मिश्रलाई	5
मिस्त्रीले	5
मुकुल	5
मुग्लिन	5
मुछिएका	5
मुद्दाका	5
मुद्दाले	5
मुर्मूले	5
मुर्शिदाबादको	5
मुस्ताङमा	5
मूर्ख	5
मेगावाटभन्दा	5
मेदिनीपुर	5
मेनुमा	5
मेमोरियल	5
मेमोरी	5
मेशिनहरू	5
मैत्री	5
मोडेलको	5
मोतियाबिन्दुको	5
मोदीसँग	5
मोनिका	5
मोर्चामा	5
मोहनकुमार	5
मौत	5
मौरिससलाई	5
म्याक्स	5
म्याजेस्टिक	5
म्याड्रिड	5
म्याराथनको	5
यससँग	5
याइरहेको	5
याई	5
याचिकाकर्ताको	5
याचिकाकर्तालाई	5
याचिकाकर्ताहरूलाई	5
यातना	5
यात्रुसँग	5
यादवचन्द्र	5
युएईविरुद्ध	5
युट्युबमा	5
युनियनहरू	5
युनिलिभर	5
यूके	5
यूटी	5
यूरो	5
ये	5
योगमाया	5
योगराज	5
योग्यताका	5
योजनाबाट	5
रकमबाट	5
रञ्जिता	5
रनरअपले	5
रमन	5
रशिला	5
रहन्छ	5
राइडर	5
राईको	5
राखी	5
राख्नुपर्नेछ	5
राख्नुभएको	5
राख्नेछन्	5
राजदूतका	5
राजपिपला	5
राजाको	5
राजिनामा	5
राजुला	5
राज्यभरका	5
राज्यभरि	5
राज्यहरू	5
राज्यहरूले	5
रातिको	5
रानीलाई	5
राप्ती	5
राप्रपाले	5
रामको	5
रामेछापमा	5
राष्ट्रलाई	5
राष्ट्रसंघको	5
राष्ट्रसङ्घीय	5
राष्ट्रियसभाबाट	5
राष्ट्रीय	5
राससलाई	5
रिक्रुटमेन्ट	5
रिजन	5
रिजालको	5
रितेश	5
रिफाइनरी	5
रियलले	5
रियाद	5
रिसोर्ट	5
रुचाउँछन्	5
रुसको	5
रूखको	5
रेकर्डको	5
रेन्जमा	5
रेबेका	5
रेलबाट	5
रेलमा	5
रेलमार्गको	5
रेलवेले	5
रेवती	5
रेसको	5
रेस्टुरेन्टमा	5
रोजगारीबाट	5
रोजेपछि	5
रोपिएको	5
रोप्ने	5
रोबर्ट	5
रोलआउट	5
रोल्पा	5
लक्जरी	5
लगाउनु	5
लगाउनेछौं	5
लगानीकर्ताको	5
लज्जित	5
लडेको	5
लण्डनस्थित	5
लम्साल	5
ललितपुरले	5
ललितपुरस्थित	5
लहर	5
लहरमा	5
लाइसेन्सको	5
लाओससँग	5
लाखदेखि	5
लाखबाट	5
लागिरहेको	5
लागे	5
लाठी	5
लापरवाही	5
लाभहरू	5
लामखुट्टेको	5
लामाको	5
लामिछानेमाथि	5
लाहोर	5
लिंकको	5
लिंग	5
लिनुका	5
लिमिटेडसँग	5
लिम्बूलाई	5
लिम्बूले	5
लिलाम	5
लीले	5
लेकिन	5
लेखकले	5
लेखनाथ	5
लेन	5
लेबलिङ	5
लोकतन्त्रका	5
लोकल	5
लोगों	5
ल्यूक	5
ल्होत्से	5
वकिललाई	5
वकिलहरूले	5
वक्ता	5
वञ्चित	5
वटाले	5
वटासम्म	5
वडाका	5
वडोदराको	5
वनमन्त्री	5
वन्यजन्तु	5
वन्यजन्तुको	5
वरपर	5
वर्षगाँठको	5
वर्षभरि	5
वर्षयता	5
वलीले	5
वाक	5
वाग्लेलाई	5
वातानुकूलित	5
वायुको	5
वार्ड	5
वार्डका	5
वार्डमा	5
वार्नर	5
वास्तविकता	5
विंग	5
विकेटकिपर	5
विक्की	5
विचारका	5
विचारको	5
विज्ञहरूले	5
विदेशीले	5
विद्या	5
विद्यालयबाट	5
विद्यासुन्दर	5
विधानअनुसार	5
विधायकको	5
विधिबाट	5
विनियोजनमा	5
विप्रेषणमा	5
विलियम	5
विविधता	5
विशेषज्ञको	5
विशेषता	5
विशेषताहरू	5
विशेषाधिकार	5
विश्लेषणले	5
विश्वप्रकाश	5
विश्वलाई	5
विश्वसनीय	5
विश्वासघात	5
विष्टको	5
विष्फोटक	5
विष्फोटको	5
वीएमसी	5
वीरबहादुर	5
वृक्षारोपण	5
वेंकटेशले	5
वेजलपुरका	5
वैष्णवले	5
वॉक	5
व्यञ्जनकारले	5
व्यवसायीसँग	5
व्यवस्थापकीय	5
व्यवहारका	5
व्यस्तताका	5
व्यहोर्नुपरेको	5
शकिरा	5
शक्तिका	5
शताब्दीमा	5
शत्रु	5
शपथपत्रमा	5
शरदचन्द्र	5
शरीरमा	5
शल्यक्रियापछि	5
शवलाई	5
शहतूतको	5
शहरहरू	5
शहरहरूको	5
शाक्यको	5
शाक्यलाई	5
शाखालाई	5
शास्त्रीय	5
शिकागो	5
शिवकुमार	5
शिवम्	5
शिशिर	5
शिशिरकुमार	5
शुरुमा	5
शृङ्खलाको	5
शेट्टी	5
शेयरको	5
शेरचनले	5
शैली	5
शैलीमा	5
शोभाको	5
श्रीवास्तव	5
श्रुति	5
श्रेणी	5
श्रेणीको	5
श्रेणीहरू	5
श्वेताले	5
संकायको	5
संक्रमणकालीन	5
संगरुर	5
संगीतकार	5
संग्रहालय	5
संचार	5
संयोजन	5
संरक्षणका	5
संरचनाहरूमा	5
संलग्नताबारे	5
संलग्नलाई	5
संशाधन	5
संसाधन	5
संस्थासँग	5
संस्थाहरूमा	5
संस्थाहरूलाई	5
सकिँदैछ	5
सक्दछौं	5
सक्यौं	5
सक्रियता	5
सङ्कटमा	5
सङ्कलनका	5
सङ्क्रमणको	5
सङ्घीयता	5
सचिवका	5
सचिवले	5
सञ्चारमन्त्री	5
सञ्चालनलाई	5
सञ्चालनसम्बन्धी	5
सञ्चित	5
सडकलाई	5
सतह	5
सतारा	5
सत्रलाई	5
सत्रहरू	5
सदनले	5
सदरमुकाममा	5
सदस्यमध्ये	5
सदस्यसहित	5
सदस्यहरु	5
सदस्यहरूसँग	5
सनराइज	5
सबल	5
सभाबाट	5
सभामुखको	5
सभी	5
सभ्यताको	5
समकक्षीलाई	5
समयभन्दा	5
समयलाई	5
समर्थक	5
समर्थित	5
समस्याबाट	5
समस्याहरूको	5
समातेको	5
समातेर	5
समीर	5
समुदायसँग	5
समूहबीच	5
समेटेर	5
सम्झौताबारे	5
सम्पत्तिहरूको	5
सम्पादन	5
सम्प्रेषण	5
सम्हाल्नुभएको	5
सरु	5
सरेको	5
सरोकारवालालाई	5
सर्किट	5
सर्टिफिकेट	5
सर्न	5
सर्भिसेज	5
सलहको	5
सविता	5
सहकारीको	5
सहजताका	5
सहजरुपमा	5
सहभागिताका	5
सहयोगीहरूलाई	5
सहर	5
साँझको	5
साइकलमा	5
साइक्लिङमा	5
साइड	5
साइन्स	5
साइन्सेज	5
साइरसले	5
साउदसँग	5
साक्षरता	5
साङ्गठनिक	5
सातदोबाटो	5
साताबाट	5
साथीलाई	5
साथीहरूले	5
सादा	5
साधना	5
सापकोटाको	5
सारस्वतले	5
सारेका	5
सालमा	5
सास्ती	5
सिंगापुरले	5
सिंगो	5
सिक्वेल	5
सिटको	5
सिटौला	5
सिड्नी	5
सिद्दिकीले	5
सिद्धार्थनगर	5
सिद्धू	5
सिद्धूलाई	5
सिन्धुपाल्चोक	5
सिफारिश	5
सिमकोट	5
सियोल	5
सिरिजपछि	5
सिल	5
सिलवाल	5
सिलसिलामा	5
सिलिण्डरको	5
सीआईडी	5
सीईओ	5
सीटी	5
सीधा	5
सीबीआईको	5
सीबीआईलाई	5
सुखना	5
सुखी	5
सुजल	5
सुझावलाई	5
सुधारिएको	5
सुधार्ने	5
सुनाइएको	5
सुनाउने	5
सुनायो	5
सुनिलकुमार	5
सुपरस्टार	5
सुब्बा	5
सुभाष	5
सुभेन्दु	5
सुरक्षामन्त्री	5
सुरुमै	5
सुलभ	5
सुवासचन्द्र	5
सुविधाका	5
सुवेदीका	5
सुशीला	5
सुसाइड	5
सूचनाले	5
सूचीअनुसार	5
सूर्यप्रसाद	5
सूर्या	5
सेती	5
सेन्टरले	5
सेन्टिमिटर	5
सेफ्टी	5
सेमिफाइनलको	5
सेयरिङ	5
सेलफोन	5
सेलले	5
सेवानिवृत्ति	5
सैनिकहरूको	5
सोचिरहेका	5
सोचेजस्तो	5
सोलापुर	5
सोलुसन	5
सोसाइटीमा	5
सौतेनी	5
स्कट	5
स्कटल्याण्डले	5
स्काई	5
स्किम	5
स्कूलका	5
स्क्वाड	5
स्टुडियो	5
स्टोरी	5
स्तरोन्नति	5
स्तरोन्नती	5
स्त्रीरोग	5
स्थानहरूको	5
स्थानान्तरणको	5
स्थापनाको	5
स्पेशियलिटी	5
स्पोर्ट	5
स्मिथले	5
स्रोतबाट	5
स्रोतहरूको	5
स्वास्थ्यका	5
स्विफ्टले	5
हजूर	5
हप्तासम्म	5
हब	5
हरायो	5
हरिके	5
हरियाली	5
हरूको	5
हवाईजहाज	5
हा	5
हाइलाइट	5
हाईकोर्ट	5
हाउसमा	5
हाडजोर्नी	5
हापोएल	5
हामीमाथि	5
हालतमा	5
हालेका	5
हिउँदमा	5
हिजोको	5
हितराज	5
हिप	5
हिमपातका	5
हिमाला	5
हिरो	5
हीरा	5
हुनसक्ने	5
हुनुहुन्थ्यो	5
हुनुहोस्	5
हुनेछैनन्	5
हुनेछौं	5
हुस्सु	5
हृदयविदारक	5
हेटौँडामा	5
हेरचाहमा	5
हेल्प	5
हैसियतले	5
हॉल	5
होटल्स	5
होलमा	5
होला	5
होली	5
होल्डरले	5
ह्याट्रिक	5
ह्यान्डलिङ	5
ह्वाट	5
ह्वात्तै	5
ह्वावे	5
े	5
ेको	5
ेर	5
०८	5
१०४	5
११३	5
१४२	5
१५२	5
१५५	5
१५८	5
१९१	5
१९४७	5
१९६२	5
१९७८	5
१९९१	5
२०२	5
२०४८	5
२०६	5
२०७	5
२०७०	5
२१२	5
२२०	5
२२५	5
२२८	5
२६७	5
३०२	5
३१०	5
३१५	5
३४७	5
३६२	5
३७६	5
४२५	5
४६५	5
४८०	5
४९९	5
५१२	5
७०८	5
७४४	5
७५७	5
८४४	5
02	4
08	4
100	4
150	4
2014	4
2016	4
32	4
72	4
ANI	4
co	4
uk	4
ः१	4
अंकतालिकाको	4
अंतिम	4
अक्टोबरदेखि	4
अक्षम	4
अक्षय	4
अक्षर	4
अखिलेशले	4
अख्तियारदुरुपयोग	4
अगर	4
अगले	4
अगष्टसम्म	4
अचेत	4
अजहरीको	4
अटोमेटिक	4
अडानी	4
अण्डरपासको	4
अतिथिका	4
अतिथिको	4
अत्याचार	4
अदिति	4
अधिकारियों	4
अधिकारीहरूमाथि	4
अधिकृतलाई	4
अधिवेशनले	4
अध्ययनअनुसार	4
अनपेक्षित	4
अनवालाले	4
अनावरण	4
अनियन्त्रित	4
अनिरुद्ध	4
अनिश	4
अनुत्तीर्ण	4
अनुभवको	4
अनुभवलाई	4
अनुभूति	4
अनुमतिपत्रको	4
अनुमानअनुसार	4
अनुमानभन्दा	4
अनुमोदित	4
अनुरोधलाई	4
अनुष्का	4
अनुसन्धानअनुसार	4
अनुसन्धानकर्ता	4
अनुसूची	4
अनुहारमा	4
अन्तर्निहित	4
अन्न	4
अन्योलमा	4
अपग्रेड	4
अपडेटमा	4
अपतटीय	4
अपना	4
अपनाउनुपर्ने	4
अपनाएका	4
अपराधमा	4
अपरिचित	4
अपरेसन	4
अपहरणमा	4
अपांगता	4
अपार्टमेन्टमा	4
अपीलको	4
अपेक्षाभन्दा	4
अप्रत्यक्ष	4
अप्रिलदेखि	4
अप्रैल	4
अप्सन	4
अप्सरी	4
अफगानिस्तानका	4
अफगानिस्तानको	4
अफगानिस्तानलाई	4
अफजल	4
अबुधाबीस्थित	4
अभिनाश	4
अभियन्ता	4
अभियोजकहरूले	4
अमन	4
अमर	4
अमानवीय	4
अमिर	4
अम्बरकर	4
अम्बिका	4
अरनिको	4
अराजक	4
अरुणकुमार	4
अर्कालाई	4
अर्जेन्टिनाले	4
अर्जेन्टिनी	4
अर्थव्यवस्थाको	4
अर्थशिला	4
अर्धशतकीय	4
अलब्राइटले	4
अलमुताइरी	4
अलर्ट	4
अलान्दी	4
अलैँची	4
अलोकतान्त्रिक	4
अल्ताफ	4
अल्लाह	4
अवधारणा	4
अवरोधको	4
अवसरका	4
अवस्थाप्रति	4
अविलम्ब	4
अशक्तता	4
अश्लील	4
अश्विनी	4
असंगत	4
असन्तुलन	4
असरबारे	4
असहज	4
असिना	4
असिस्टेन्ट	4
असुलीको	4
अस्तव्यस्त	4
अस्तित्वको	4
अस्वीकार्य	4
अहमदलाई	4
अहमदाबादमा	4
अहिरले	4
आइडिया	4
आइडेन्टिफिकेसन	4
आइना	4
आइपीएस	4
आइबीए	4
आइसियु	4
आईआईएम	4
आईएफएससीको	4
आईएमई	4
आईटीआई	4
आईपीएस	4
आईसीयू	4
आउटलेटमा	4
आउनेछ	4
आकांक्षीहरूले	4
आकृति	4
आख्यान	4
आगन्तुकलाई	4
आगन्तुकहरू	4
आगन्तुकहरूले	4
आगरा	4
आगे	4
आजैदेखि	4
आतिशीका	4
आत्मनिर्भरता	4
आत्मरक्षाका	4
आदार	4
आदेशद्वारा	4
आदेशविरुद्ध	4
आधारको	4
आनन्दमोहन	4
आन्दोलित	4
आपका	4
आपूर्तिकर्ता	4
आप्रवासन	4
आप्रवासीहरूले	4
आप्रवाहमा	4
आफन्तसँग	4
आफूविरुद्ध	4
आमन्त्रित	4
आमरण	4
आमिर	4
आयरल्याण्डको	4
आयरल्याण्डलाई	4
आयलको	4
आयोजकका	4
आरएमए	4
आरएमसी	4
आरएसपीको	4
आरटीओ	4
आरडब्लु	4
आरपीएफले	4
आराधना	4
आरोपबाट	4
आरोपमुक्त	4
आरोपहरू	4
आरोपीको	4
आर्ट्स	4
आर्थर	4
आलमलाई	4
आलेमगरले	4
आलोचनाको	4
आवरणमा	4
आवश्यकताभन्दा	4
आवश्यकताहरूलाई	4
आवागमनको	4
आवागमनमा	4
आवागमनलाई	4
आवाजको	4
आवासको	4
आविष्कार	4
आवेदकहरूको	4
आव्हाडले	4
आशाहरूले	4
आशिक	4
आश्रममा	4
आश्वस्त	4
आसाममा	4
आह्वानमा	4
इकोनोमिक	4
इकोनोमी	4
इकोसिस्टमको	4
इजलासका	4
इज्जाती	4
इटालीमा	4
इनडोर	4
इन्चको	4
इन्जिनियरलाई	4
इन्टिग्रेटेड	4
इन्डस्ट्रियल	4
इन्डिजको	4
इन्डियन्सलाई	4
इन्द्रबहादुर	4
इन्द्रमान	4
इन्भिन्सिबल्सले	4
इन्भेष्टमेन्ट	4
इन्भेस्टर्स	4
इयूको	4
इरिना	4
इरोज	4
इशान	4
इश्तियाक	4
इसरो	4
ईडीलाई	4
ईभीएम	4
ईसीआई	4
ईसीबी	4
उकास्न	4
उक्लिएका	4
उक्लेर	4
उचाईबाट	4
उचालेको	4
उच्चतम	4
उच्चारण	4
उजुरीहरूको	4
उठाइएको	4
उठाएपछि	4
उठेर	4
उठ्न	4
उडेका	4
उड्न	4
उत्खननका	4
उत्तरबाट	4
उत्तरोत्तर	4
उत्तिकै	4
उत्पत्ति	4
उत्पादकलाई	4
उत्पादकहरूको	4
उत्रिएका	4
उत्साह	4
उद्घाटनका	4
उद्देश्यको	4
उद्देश्यबारे	4
उद्धारकर्ताहरूले	4
उद्धारको	4
उद्यमीहरूको	4
उद्योगीले	4
उनके	4
उनीहरुबीच	4
उनीहरूमा	4
उपकर	4
उपकार्यकारी	4
उपत्यकासहित	4
उपदफा	4
उपनिर्वाचनमा	4
उपभोगको	4
उपमन्त्री	4
उपमहानगरपालिकाले	4
उपमेयरका	4
उपलब्धतामा	4
उपलब्धिको	4
उपसचिवमा	4
उपसभामुखपदका	4
उपाध्यक्षको	4
उपायबारे	4
उम्मीद	4
उर्दू	4
उहाँबाट	4
ऊर्जावान	4
ऋतुमा	4
एआईएडीएमकेका	4
एआईएडीएमकेले	4
एएनआई	4
एओसी	4
एकअर्काविरुद्ध	4
एकको	4
एकताको	4
एकनारायण	4
एकमा	4
एकाउन्ट	4
एकेडेमीका	4
एकेडेमीमा	4
एक्लैले	4
एक्लोपन	4
एक्विजिसन	4
एक्सएनयूएमएक्स	4
एक्सक्लुसिभ	4
एक्सचेन्जको	4
एक्सप्रेसमा	4
एक्सेस	4
एज	4
एजीएमयूटी	4
एजुकेशन	4
एजेण्डामा	4
एजेन्टहरूलाई	4
एजेन्डाको	4
एजेन्सीहरूले	4
एडीबी	4
एनआइसीले	4
एनआईए	4
एनईपी	4
एनडीएमसीले	4
एनभीए	4
एनसेल	4
एनसेलमा	4
एनालग	4
एनेसको	4
एन्जलस	4
एन्जल्स	4
एन्डी	4
एपमार्फत	4
एपिएफलाई	4
एपीएमएपी	4
एप्स	4
एफआइआरमा	4
एफए	4
एफसीले	4
एभिसी	4
एमआईएलआईटीमा	4
एमआरपी	4
एमएचए	4
एमएमआरडीए	4
एमजीएम	4
एमडिएमएस	4
एमपावर	4
एमफिल	4
एमबिबिएस	4
एमबीपीएस	4
एमसिसीका	4
एमसीए	4
एमालेबाट	4
एमालेमा	4
एम्पायर	4
एयरलाइन	4
एयरवेज	4
एरियाना	4
एलएसजीले	4
एलपीजी	4
एलसीबीले	4
एलायंस	4
एल्बमको	4
एशियामा	4
एशोसिएसन	4
एशोसिएसनले	4
एसएमसी	4
एसएस	4
एसएससी	4
एसओपी	4
एसके	4
एसकेएमको	4
एसियामा	4
एसीबीले	4
एसोसिएशन	4
ओ	4
ओबामा	4
ओबीसीको	4
ओलम्पियन	4
ओला	4
ओले	4
औँल्याउनुभयो	4
औँल्याए	4
औसतभन्दा	4
कंक्रिटीकरण	4
कंगना	4
कक्षलाई	4
कङ्ग्रेसका	4
कजाखस्तानका	4
कञ्चनपुरको	4
कटाक्ष	4
कतारबाट	4
कतारी	4
कथाको	4
कथामा	4
कनेक्टिभिटीको	4
कनेक्सन	4
कन्जुमर	4
कन्भेन्सन	4
कपाल	4
कपिल	4
कपिलवस्तुका	4
कप्तानको	4
कफी	4
कमर्शका	4
कमला	4
कमलादीस्थित	4
कमाइरहेको	4
कमाउँछन्	4
कमान्ड	4
कमान्डिङ	4
कमिन्सले	4
कमीकमजोरी	4
कमेडी	4
कमै	4
कम्पनीमार्फत	4
कम्पनीसँगको	4
कम्पनीहरू	4
कम्प्याक्ट	4
कम्बल	4
करणीको	4
करिडोरको	4
करियरमा	4
करेंगे	4
करोडमा	4
कर्णले	4
कर्णेल	4
कर्तव्यको	4
कर्नर	4
कर्नाटकमाथि	4
कर्नाटकलाई	4
कर्पोरेसनले	4
कर्मचारीका	4
कर्माचार्यले	4
कलङ्की	4
कलाकारले	4
कलेजहरूको	4
कलेजहरूले	4
कल्याणका	4
कल्याणी	4
कविराज	4
कश्मीरमा	4
कहिलेदेखि	4
कहिलेसम्म	4
काँगडाको	4
काउन्सिलमा	4
कागज	4
कागिसो	4
काजोल	4
काटिने	4
काठमाडौँलाई	4
कात्तिकमसान्तसम्म	4
कानु	4
कानुनको	4
कानूनसँग	4
कामदारहरूको	4
कामदारहरूलाई	4
कामपा	4
कामबाट	4
कामहरू	4
कामहरूले	4
कारक	4
कारखानाका	4
कारणको	4
कारणबारे	4
कारले	4
कारवाहीका	4
कारावासको	4
कार्डियक	4
कार्तिक	4
कार्यक्रममाथि	4
कार्यदलमा	4
कार्यदलले	4
कार्यपालिकाको	4
कार्यले	4
कार्यवाहीको	4
कार्यशाला	4
कार्यशालाहरू	4
कार्यसमितिमा	4
कार्यसूचीअनुसार	4
कार्यालयबाहिर	4
कार्यालयहरु	4
कार्ल	4
कालको	4
कालिमाटी	4
कालिम्पोङमा	4
कालुभाई	4
काले	4
काल्पनिक	4
किंग्स	4
किक	4
किकमा	4
किटानी	4
किन्नोको	4
किफायती	4
कियाङले	4
कियोस्क	4
किराँत	4
किरीट	4
किर्गिस्तान	4
किर्गिस्तानलाई	4
किर्गिस्तानले	4
किसानहरूबाट	4
कुओकोले	4
कुकुरलाई	4
कुकुरले	4
कुनबी	4
कुनमिङ	4
कुपवाडामा	4
कुमारीको	4
कुमालले	4
कुराकानीको	4
कुर्ला	4
कुवेतविरुद्धको	4
कुशलतापूर्वक	4
कुस्ती	4
केंद्रीय	4
केजरीवालविरुद्ध	4
केडीएमसी	4
केन्यालाई	4
केबल	4
केभिन	4
केभी	4
केरुङ	4
केसहरूमा	4
केसीलाई	4
केहीको	4
केहीलाई	4
कैदीबन्दीको	4
कैदीले	4
कैदीहरूलाई	4
कॉलोनियों	4
कोक	4
कोझिकोडसम्म	4
कोट	4
कोठा	4
कोठाको	4
कोठाभित्र	4
कोठाहरू	4
कोमल	4
कोरिएको	4
कोरियन	4
कोर्समा	4
कोलम्बिया	4
कोलम्बोमा	4
कोलोनीमा	4
क्यानडालाई	4
क्यानडासँग	4
क्यानलाई	4
क्यानसँग	4
क्यान्टोनमेन्ट	4
क्यान्डी	4
क्यान्सरसँग	4
क्याफेमा	4
क्यामरुन	4
क्यामेराबाट	4
क्यामेरामा	4
क्याम्पमा	4
क्याम्पस	4
क्याम्पेन	4
क्यारियरको	4
क्यारी	4
क्यालेन्डरअनुसार	4
क्यासिनोले	4
क्युरीले	4
क्रसर	4
क्रियाशील	4
क्रिस्टिनाको	4
क्रुज	4
क्लाइन्ट	4
क्लास	4
क्लासबाट	4
क्लिनिकमा	4
क्लियर	4
क्लियरेन्स	4
क्वालालम्पुरस्थित	4
क्षमा	4
क्षेत्रभित्र	4
क्षेत्रहरूको	4
क्षेत्रहरूबाट	4
क्षेत्राधिकारभित्र	4
खटाइएको	4
खटिएको	4
खट्टा	4
खडेरी	4
खड्कबहादुर	4
खड्गबहादुर	4
खण्डुआलाले	4
खत्म	4
खराबी	4
खरिददर	4
खलंगा	4
खवास	4
खसेकी	4
खस्दा	4
खस्यो	4
खाँचोमा	4
खाताको	4
खातीलाई	4
खानाका	4
खानामा	4
खुम्बु	4
खुलेका	4
खेतीको	4
खेपिरहेका	4
खेलहरू	4
खेलाडीमध्ये	4
खेलिसकेका	4
खेलेर	4
खोज्नुपर्ने	4
खोलिएका	4
खोलेको	4
खोलेर	4
गइन्	4
गजुरेलको	4
गजुरेलले	4
गडचिरोली	4
गणित	4
गणितीय	4
गणेशमान	4
गतिलाई	4
गतिविधिहरूमा	4
गनिगा	4
गन्तव्यबाट	4
गभर्नरको	4
गभर्नरमा	4
गभर्नरले	4
गम्भीरताका	4
गयौं	4
गरवारे	4
गराइरहेको	4
गराउँदा	4
गरिँदैछ	4
गरिएकाले	4
गरिदिने	4
गरिनुपर्ने	4
गरिरहेकाले	4
गरीब	4
गरेकामा	4
गर्जन	4
गर्नमा	4
गर्नेबित्तिकै	4
गर्नेहरुले	4
गर्मीमा	4
गवाह	4
गहनामा	4
गहुँ	4
गाइड	4
गाईलाई	4
गाउन	4
गाजर	4
गायकवाडविरुद्ध	4
गार्डेन	4
गालीगलौज	4
गाविस	4
गिरफ्तारीपछि	4
गिरीशले	4
गुजरातलाई	4
गुजरातले	4
गुजरातसँग	4
गुजारा	4
गुणस्तरहीन	4
गुणाले	4
गुनासाहरू	4
गुन्डा	4
गुप्त	4
गुप्ताको	4
गुमाएपछि	4
गुरप्रीत	4
गुलाबी	4
गृहमन्त्रीलाई	4
गृहमा	4
गेजुवा	4
गेटको	4
गेस्ट	4
गैरकानूनी	4
गैरजिम्मेवार	4
गैरबासमती	4
गोकर्णमा	4
गोकुलम	4
गोदावरी	4
गोधरा	4
गोपनियताको	4
गोपालप्रसाद	4
गोरखामा	4
गोरा	4
गोष्ठी	4
ग्यारेन्टीको	4
ग्रस	4
ग्रान्डेले	4
ग्राहकहरु	4
ग्रुपको	4
ग्रुपले	4
ग्लास	4
घटनाबाट	4
घण्टामै	4
घरदैलोमा	4
घरधनीले	4
घरधुरीमा	4
घलान	4
घलानले	4
घाँटी	4
घाट	4
घाटको	4
घिसिङको	4
घुँडामा	4
घुमिरहेको	4
घूसको	4
घोडाको	4
घोषणाको	4
घोसनले	4
चटर्जीले	4
चट्याङ	4
चट्याङसहित	4
चन्द्रचूडले	4
चन्द्रबहादुर	4
चन्द्रागिरि	4
चराहरू	4
चरित्र	4
चलाउँदा	4
चलाएर	4
चलिरहेका	4
चलिरहेकै	4
चलेगा	4
चल्छन्	4
चव्हाण	4
चहलपहल	4
चाँगुनारायण	4
चाँदीका	4
चाडबाड	4
चारतारे	4
चार्ट	4
चाल	4
चाल्नुपर्छ	4
चाल्नेछ	4
चाहन्छिन्	4
चाहन्थ्यौं	4
चाहेका	4
चिकित्सकसँग	4
चिडियाखानाले	4
चितवनमा	4
चित्रहरू	4
चिनाउन	4
चिनीको	4
चिनेका	4
चिन्तामणि	4
चिरिबाबु	4
चिवा	4
चिह्नलिएर	4
चुका	4
चुडालको	4
चुनावलाई	4
चुरोटमा	4
चेन्नईका	4
चेन्नईमा	4
चेप्टेगेईले	4
चोटको	4
चोपडा	4
चोपडाको	4
चौतारी	4
चौमासिकमा	4
च्यानलमा	4
च्याम्पियनसिपका	4
च्वाइस	4
छक्क	4
छनोटअघि	4
छविहरू	4
छह	4
छाती	4
छात्रालाई	4
छायाँ	4
छिरिङ	4
छुटकारा	4
छुटेको	4
छुट्याउन	4
छुम्बी	4
छोडेको	4
छोडेपछि	4
जकार्तामा	4
जगह	4
जगेर्ना	4
जघन्य	4
जत्तिकै	4
जनक	4
जनकपुरमा	4
जनजातिको	4
जनतासम्म	4
जनमुक्ति	4
जनवरीसम्म	4
जनाए	4
जन्माउन	4
जमानती	4
जमुना	4
जमैकाले	4
जम्मकट्टेल	4
जम्मकट्टेलका	4
जयदेव	4
जयशङ्कर	4
जरिवानाको	4
जर्मनीमा	4
जलाशययुक्त	4
जलीय	4
जलेका	4
जवाफदेहिताको	4
जवाफी	4
जसप्रित	4
जसमार्फत	4
जस्तोसुकै	4
जहाँबाट	4
जहाजबाट	4
जाँचगर्न	4
जागरण	4
जागरुकता	4
जाडोमा	4
जातको	4
जाता	4
जात्रा	4
जादू	4
जाधवले	4
जानका	4
जानीले	4
जानु	4
जानुपर्छ	4
जानुपर्ने	4
जान्छु	4
जायन्ट	4
जारको	4
जारांगे	4
जिंजर	4
जिउँदो	4
जिज्ञासाको	4
जितेन्द्रनारायण	4
जित्नका	4
जिन	4
जिमी	4
जियानचाओले	4
जिले	4
जिल्लाबाट	4
जिल्लालाई	4
जीआरएपी	4
जीआरले	4
जीएनआई	4
जीएमएसएच	4
जीके	4
जीटीबी	4
जीवनशैलीको	4
जीविकोपार्जनका	4
जुटी	4
जुडो	4
जुधिरहेकी	4
जुनको	4
जुनून	4
जुपिटर	4
जुम्ला	4
जुरीले	4
जुलाईसम्म	4
जूता	4
जेएन	4
जेड	4
जेनिथ	4
जेनेरेटर	4
जेनेरेसन	4
जेम	4
जेसन	4
जेसिका	4
जेसी	4
जैसी	4
जोखिमलाई	4
जोगाउने	4
जोगिन्दर	4
जोडिनेछ	4
जोडेका	4
जोडेर	4
जोनाथन	4
जोनास	4
जोराले	4
जोशीको	4
जोशुआ	4
जोस	4
ज्ञानमा	4
ज्यालादारीमा	4
ज्योत्सना	4
ज्वरो	4
झट्का	4
झनै	4
झरेका	4
झलनाथ	4
झस्कायो	4
झाँकी	4
झापाका	4
झारग्राम	4
झ्याल	4
टमलिन्सनले	4
टमाटर	4
टमाटरको	4
टाइगर्स	4
टाइम्स	4
टाइम्सका	4
टाढाबाट	4
टापुमा	4
टायलरले	4
टावरको	4
टिकटकको	4
टिकटका	4
टिकेटिङ	4
टिभीको	4
टिभीले	4
टीकापुर	4
टीकापुरमा	4
टीम	4
टुंगिएपछि	4
टू	4
टूरमा	4
टेकचन्दानीको	4
टेकराज	4
टेन्ट	4
टेन्डरहरू	4
टेबुल	4
टेलिकमलाई	4
टोखा	4
टोरन्टो	4
ट्यांकर	4
ट्रम्प	4
ट्रयाकिङ	4
ट्रस्टको	4
ट्रेक्स	4
ट्रेनको	4
ट्र्याकको	4
ट्र्याकमा	4
ट्विटर	4
ट्वीटमा	4
ठक्करबाट	4
ठगिएको	4
ठाउँतर्फ	4
ठाउँबाट	4
ठाकरेको	4
ठाणेको	4
ठानेर	4
ठोक्किएर	4
डबल्समा	4
डब्लुएचओ	4
डरमा	4
डाइट	4
डाक्टरहरूले	4
डाग्दु	4
डायरी	4
डिएपी	4
डिज्नी	4
डिटेक्सन	4
डिडिएर	4
डिनर	4
डिपोका	4
डिब्बाहरू	4
डिभीजनका	4
डिसेम्बरसम्ममा	4
डिस्टिलरी	4
डिस्ट्रिक्ट	4
डीआरआईले	4
डीएमडीके	4
डीयूडीबीसीको	4
डीवाई	4
डुम्रे	4
डेप्रेजले	4
डेमोक्र्याटिक	4
डोमा	4
डोमिनिक	4
ड्राइङ	4
ड्राइभर	4
ड्राफ्टमा	4
ड्रोन	4
ड्वेन	4
ढलको	4
ढिलाइका	4
ढिलाई	4
ढुंगानाले	4
ढुकुटीमा	4
ढुङ्गा	4
ढोकाको	4
ढोकाहरू	4
तंवर	4
तत्पर	4
तनावलाई	4
तपाईंहरूको	4
तमिलनाडुको	4
तयारीस्वरुप	4
तरह	4
तर्कसंगत	4
तर्फको	4
तल्ले	4
तस्करीका	4
तहखानामा	4
तहसिलदार	4
तारिखसम्म	4
तिनीहरूसँग	4
तिब्बतका	4
तिब्बती	4
तिर्दै	4
तिवारीका	4
तीर्थराज	4
तुम	4
तुलसीपुर	4
तुषार	4
तेलंगाना	4
तेलहन	4
तेलुगु	4
तैयबाका	4
तोकिएका	4
तोडेर	4
त्यसैअनुसार	4
त्यसैका	4
त्यसोभए	4
त्याग	4
त्रि	4
थर्ड	4
थालनी	4
थिंक	4
थुप्रिएको	4
दंड	4
दत्तक	4
दनुवारले	4
दमक	4
दमाम	4
दम्पतीको	4
दयालु	4
दर्जनौँ	4
दर्जाबाट	4
दर्शकहरूलाई	4
दशैंको	4
दसैँ	4
दसैँको	4
दस्तावेजमा	4
दस्तावेजलाई	4
दा	4
दाइजो	4
दाखिल	4
दाजुभाइमा	4
दादा	4
दाबीलाई	4
दायाँ	4
दायित्वहरू	4
दार्जिलिङ	4
दिनबाट	4
दिनुहुन्छ	4
दिपायलमा	4
दिलाउने	4
दिलायो	4
दिलीप	4
दिल्लीकी	4
दिवेश	4
दीपकबहादुर	4
दुईको	4
दुईमा	4
दुबईबाट	4
दुरुत्साहन	4
दुवैतर्फ	4
दुव्र्यवहारको	4
दुष्ट	4
दृष्टिकोणमा	4
दृष्टिकोणलाई	4
देउवाका	4
देखिनेछिन्	4
देखेकी	4
देख्यौं	4
देवकुमार	4
देवताको	4
देवप्रसाद	4
देवभूमि	4
देशभक्ति	4
देशमुख	4
देशमुखको	4
देशहरुमा	4
देसिया	4
देसी	4
दोब्बरभन्दा	4
दोलखा	4
दोहो	4
दौडन	4
दौलत	4
द्वन्द्वका	4
द्वितीय	4
धन्य	4
धर्मशाला	4
धर्मेन्द्र	4
धाँधलीको	4
धातु	4
धादिङ	4
धाविका	4
धैर्यशील	4
ध्रुवीकरण	4
नंदुरबार	4
नक्सल	4
नगरका	4
नगरेकोमा	4
नगर्नुको	4
नजाओस्	4
नजाने	4
नतिरेर	4
नदिई	4
नदीबाट	4
नदेखिएको	4
नपाएका	4
नपारेको	4
नभएमा	4
नमराज	4
नम्बरका	4
नम्बरसहितको	4
नरहेका	4
नराम्ररी	4
नरेन	4
नलिइकन	4
नवलपरासी	4
नहुनु	4
नाजुक	4
नाताले	4
नाति	4
नाफामा	4
नामावलीमा	4
नामिबियाविरुद्ध	4
नामिबियाविरुद्धको	4
नायव	4
नारायणहिटी	4
नारिता	4
नार्वेकरले	4
नालीमा	4
नासिरले	4
निःस्वार्थ	4
निकालिएको	4
निकुञ्जको	4
निगममा	4
निदेशक	4
निधि	4
निन्दनीय	4
नियामकले	4
नियाल	4
नियुक्तिपत्र	4
नियोगले	4
निरज	4
निर्देशकले	4
निर्देशनालय	4
निर्देशनालयले	4
निर्मलराज	4
निर्माणले	4
निर्माणसम्बन्धी	4
निर्वाचनसम्म	4
निलु	4
निवासका	4
निवेदकका	4
निवेदनमाथिको	4
निवेदनलाई	4
निषेधाज्ञाका	4
निषेधित	4
निष्कर्षलाई	4
निष्कर्षहरूले	4
निष्ठा	4
निष्ठामा	4
निस्कँदै	4
निस्केकी	4
निस्तेज	4
नीतिसँग	4
नीतिहरू	4
नीलो	4
नुवाकोटको	4
नेटवर्कमा	4
नेताका	4
नेताहरूविरुद्ध	4
नेताहरूसँग	4
नेदरल्यान्ड्सले	4
नेपालभरका	4
नेपालसँगको	4
नेपालसँगै	4
नेपालीनागरिकको	4
नेहरु	4
नोक्सानीको	4
नोटिसमा	4
नोभेम्बरदेखि	4
नोभेम्बरसम्म	4
न्यायका	4
न्यायपरिषद्ले	4
न्यायपालिका	4
न्यायाधिवक्ताको	4
न्यायाधीशविरुद्ध	4
न्युगिनीविरुद्ध	4
न्युजिल्यान्डले	4
न्यूयोर्कको	4
न्यूयोर्कस्थित	4
पकाउन	4
पक्षबाट	4
पक्षीलाई	4
पगडी	4
पञ्जा	4
पञ्जाबले	4
पटवारीलाई	4
पटवारीले	4
पटियालास्थित	4
पठाइयो	4
पठाइसकेको	4
पठाउँछौं	4
पठाएपछि	4
पढ्दा	4
पतन	4
पतनको	4
पत्नीको	4
पत्रकारले	4
पदमबहादुर	4
पदयात्राका	4
पदाधिकारीका	4
पदार्थका	4
पन्ध्र	4
पब्लिसिटी	4
पम्पलाई	4
परम्पराअनुसार	4
परम्पराको	4
परम्परालाई	4
परामर्शदाताले	4
परास्त	4
परिकारको	4
परिक्रमा	4
परिणामहरूको	4
परिमाणको	4
परिमार्जित	4
परिवर्तनले	4
परिवर्तनहरूको	4
परिष्कृत	4
परिस्थितिका	4
पर्खनु	4
पर्खने	4
पर्नुभएको	4
पर्नेको	4
पर्यटकहरूको	4
पर्वको	4
पर्वत	4
पर्साका	4
पशुसेवा	4
पसलका	4
पहलका	4
पहलमा	4
पहलले	4
पहलहरू	4
पहलहरूको	4
पहिचानको	4
पहिल्यै	4
पहुँचयोग्य	4
पाँचथरको	4
पाँचदेखि	4
पाँचमा	4
पाकिस्तानकी	4
पाकिस्तानबाट	4
पाटनका	4
पाटनको	4
पाठकका	4
पारामेडिकल	4
पारियो	4
पारिस्थितिकीय	4
पार्की	4
पार्टनरसिप	4
पार्टीबीच	4
पार्टीभित्र	4
पार्टीहरूसँग	4
पार्दैन	4
पार्नु	4
पार्यो	4
पार्सल	4
पार्सलमा	4
पालक	4
पासवर्ड	4
पाहुनालाई	4
पिंक	4
पिउन	4
पिज्जाको	4
पिन	4
पिपिएल	4
पिस	4
पीएमएफबीवाई	4
पीएमजीसी	4
पीएसडी	4
पीजीआई	4
पीजीआईएमईआरमा	4
पीटीआई	4
पीडितका	4
पीडितहरूले	4
पुग्नुभएको	4
पुजन	4
पुण्यविक्रम	4
पुतली	4
पुनःनिर्माणमा	4
पुनरुत्थानमा	4
पुनर्जीवन	4
पुनर्बीमा	4
पुनर्विकासको	4
पुनर्स्थापित	4
पुनस्र्थापना	4
पुनस्र्थापनाका	4
पुरातात्विक	4
पुरुलिया	4
पुरुषका	4
पुरुषले	4
पुरोहितको	4
पुलिसद्वारा	4
पुस्तकहरू	4
पुस्ता	4
पुस्ताको	4
पूर्णता	4
पूर्वको	4
पूर्वन्यायाधीश	4
पे	4
पेज	4
पेलेले	4
पोखराले	4
पोखरिया	4
पोर्चुगलका	4
पोर्चुगलमा	4
पोष्टमार्टमका	4
पोस्टकार्डहरू	4
पौड्यालको	4
पौड्यालले	4
प्याकुरेल	4
प्याकेजमा	4
प्याकेजहरू	4
प्याकेट	4
प्यानलले	4
प्यूठान	4
प्रडक्ट	4
प्रणव	4
प्रतिक्रियालाई	4
प्रतिनिधिका	4
प्रतिनिधिमण्डललाई	4
प्रतिवादीहरूलाई	4
प्रतिशोध	4
प्रतिस्पर्धीलाई	4
प्रत्येकको	4
प्रदर्शनकारीलाई	4
प्रदर्शनपछि	4
प्रदर्शनलाई	4
प्रदायकलाई	4
प्रदुषण	4
प्रदूषित	4
प्रदेशकी	4
प्रधानमन्त्रीमा	4
प्रफुल्ल	4
प्रभावकारिता	4
प्रभुत्व	4
प्रमाणपत्रहरू	4
प्रमुखका	4
प्रयासहरू	4
प्रयासहरूको	4
प्रयोगबाट	4
प्रयोगशालाको	4
प्रयोगसम्बन्धी	4
प्रवर्धन	4
प्रविधिका	4
प्रविष्ट	4
प्रशंसकहरूलाई	4
प्रशंसकहरूले	4
प्रशंसनीय	4
प्रशिक्षणपछि	4
प्रश्नै	4
प्रसंग	4
प्रसादको	4
प्रस्तावका	4
प्रस्तावप्रति	4
प्रस्तावले	4
प्रस्तावहरू	4
प्रस्तुतीकरण	4
प्रहरीकी	4
प्रहरीबाट	4
प्रहरीसँग	4
प्राइम	4
प्राधिकरणसँग	4
प्रारम्भमा	4
प्रालिको	4
प्रावधानका	4
प्रावधानले	4
प्रिन्ट	4
प्रिन्सेस	4
प्रेमको	4
प्रेममा	4
प्रेरणाको	4
प्रो	4
प्रोजेक्टका	4
प्रोजेक्ट्स	4
प्रोजेक्ट्सका	4
प्रोटोकलको	4
प्रोटोकलहरू	4
प्रोपर्टी	4
प्रोप्राइटर	4
प्लाजा	4
प्लान	4
फक्स	4
फडणवीसले	4
फण्डको	4
फरवार्डले	4
फरेन	4
फर्कनेछ	4
फर्किए	4
फर्निचर	4
फलको	4
फलोअर्स	4
फाइटिङ	4
फाइदाका	4
फाउण्डेशनले	4
फाउन्टेन	4
फाप्लु	4
फालेको	4
फिक्स्ड	4
फिटको	4
फिनिसिङ	4
फिफाका	4
फिफाको	4
फिरोजपुर	4
फिलिपिन्सका	4
फिलिपिन्सकी	4
फिलिपिन्सलाई	4
फूलको	4
फेब्रुअरीदेखि	4
फेस्ट	4
फैलाएको	4
फैलिएपछि	4
फैसलाको	4
फैसलालाई	4
फैसलाले	4
फैसलाविरुद्ध	4
फोटोको	4
फोहोरी	4
फ्याँकेको	4
फ्युचर	4
फ्रन्ट	4
फ्रयाङ्कलिनको	4
फ्रेन्चाइजको	4
फ्ल्याग	4
फ्ल्याटको	4
फ्ल्याटहरू	4
बंगलादेशबाट	4
बंगलादेशविरुद्धको	4
बंगाल	4
बकाया	4
बक्यौताको	4
बक्सिङमा	4
बग्ने	4
बङ्गलादेशबीचको	4
बङ्गलादेशी	4
बचाउँछ	4
बचाव	4
बच्चाहरूलाई	4
बजारीकरण	4
बजेटमार्फत	4
बजेभित्र	4
बटलरले	4
बठिण्डा	4
बढेका	4
बढ्नुपर्ने	4
बताएअनुसार	4
बदलिँदो	4
बनर्जीको	4
बनवारीलाल	4
बनाइनेछ	4
बनाइन्	4
बनाइयो	4
बनाउँछ	4
बन्दरगाहको	4
बन्दाबन्दीका	4
बन्दूकको	4
बन्दूकबाज	4
बन्धन	4
बन्धनमा	4
बयानलाई	4
बर्खायाममा	4
बर्डफ्लुको	4
बर्थ	4
बर्लिन	4
बर्सेनि	4
बलका	4
बलदेव	4
बसलाई	4
बसाइ	4
बसोबासको	4
बस्नका	4
बहराइनका	4
बहिनीलाई	4
बहिस्कार	4
बाँके	4
बाँडफाँडमा	4
बाँधेर	4
बाँसबारीले	4
बाइकमा	4
बाई	4
बागडोगरा	4
बागी	4
बाजुरा	4
बाजुराको	4
बानियाँ	4
बाबर	4
बाबुमोशाय	4
बाबुराज	4
बायो	4
बार्टीले	4
बार्सिलोना	4
बार्सिलोनामा	4
बालबालिकाले	4
बाल्डविनले	4
बावनकुलेले	4
बास	4
बासुदेव	4
बास्तोला	4
बास्तोलाले	4
बाहिरिएपछि	4
बिक्रीदर	4
बिक्रेता	4
बिक्रेतालाई	4
बिजुक्छेसँग	4
बिड़ला	4
बिनाको	4
बिनानिष्कर्ष	4
बिनाशर्त	4
बिरयानी	4
बिरामीहरू	4
बिरुवा	4
बिलको	4
बिलिङ	4
बिल्डर्स	4
बिहानै	4
बीउहरू	4
बीएमसीबाट	4
बीले	4
बुट	4
बुढाथोकी	4
बुद्धिमान	4
बुधबारसम्म	4
बुलढाणा	4
बूढो	4
बेकह्यामको	4
बेगम	4
बेङ्लोरमा	4
बेन्चको	4
बेमौसमी	4
बेर	4
बेलायतको	4
बेल्जियमको	4
बैंकरका	4
बैंकरहरुले	4
बैसले	4
बोटिङ	4
बोतलमा	4
बोरवेलबाट	4
बोरिवली	4
बोली	4
बोल्नुभएको	4
ब्याकअप	4
ब्याकस्ट्रोकमा	4
ब्याङ	4
ब्याण्ड	4
ब्यान्डका	4
ब्यान्डले	4
ब्यारिकेडिङ	4
ब्युरोले	4
ब्राण्ड	4
ब्रान्डका	4
ब्रायनले	4
ब्रेन	4
ब्रोडवे	4
ब्लेजर	4
भएकामध्ये	4
भएकाहरू	4
भएकाहरूलाई	4
भगाउन	4
भगौडा	4
भट्टराईद्वारा	4
भड्काएको	4
भण्डारीका	4
भत्काउनु	4
भन्नुपर्दा	4
भन्नेविषयमा	4
भरेर	4
भर्तीको	4
भविष्यलाई	4
भाइबर	4
भाइरसका	4
भाउले	4
भागबाट	4
भागलाई	4
भागहरू	4
भाग्न	4
भाग्यमानी	4
भारतभर	4
भारुका	4
भावनाका	4
भाषाका	4
भाषिक	4
भिएमसीले	4
भिटामिन	4
भिडियोलाई	4
भिडियोले	4
भिड्ने	4
भित्रका	4
भियतनामले	4
भिसामा	4
भिस्तारा	4
भीआईपी	4
भीमबहादुर	4
भीमा	4
भीष्म	4
भुक्तानीका	4
भुजबल	4
भुजेल	4
भुपेन्द्र	4
भूभागको	4
भूमिकालाई	4
भेटघाटका	4
भेटेकी	4
भेट्दा	4
भेदभावको	4
भेनिटले	4
भेन्टिलेसन	4
भोगिरहेका	4
भोग्दै	4
भोलिका	4
भोसलेले	4
भ्यालु	4
भ्रमणबाट	4
भ्रूणको	4
मकवानाले	4
मजदुरका	4
मञ्चका	4
मञ्जली	4
मणिशंकर	4
मतपरिणाम	4
मद्दतको	4
मद्रास	4
मधुमेह	4
मधेसी	4
मध्यरातपछि	4
मनमीत	4
मनसुख	4
मनसुनपछि	4
मनसुनमा	4
मनाएको	4
मनाङको	4
मनाङले	4
मनोहर	4
मन्त्रीस्तरीय	4
मबाट	4
ममाथि	4
मरासिनी	4
मरेका	4
मर्फी	4
मलाइकोट्टई	4
मसीह	4
मस्जिदको	4
महँगो	4
महतलाई	4
महतोले	4
महत्वको	4
महत्वाकांक्षा	4
महानिरीक्षकमा	4
महानिर्देशकमा	4
महान्यायाधिवक्ताको	4
महाराजगञ्जमा	4
महारेराले	4
महावाणिज्यदूतमा	4
महासङ्घको	4
महिनाहरूमा	4
महिन्द्रा	4
महिराह	4
महिलामाथि	4
महिलाविरुद्ध	4
महिलासहित	4
महेन्द्रबहादुर	4
महेश्वरजङ्ग	4
महोत्तरीका	4
मांग	4
माइली	4
मागप्रति	4
मागिन्	4
माघको	4
माटोको	4
मातहतका	4
माथेमाको	4
मानको	4
मानलाई	4
मानसरोवर	4
मानसा	4
मानसिकता	4
मानार्थ	4
मानिसहरुले	4
मानिसहरूका	4
मापदण्डको	4
मापदण्डहरू	4
मायालु	4
मारमा	4
मारिएका	4
मारियो	4
मार्क	4
मार्गदर्शनमा	4
मार्गलाई	4
मार्स	4
मालिकको	4
मालिकहरूको	4
मालेमा	4
माल्दिभ्ससँग	4
मावि	4
मास	4
मिग	4
मिड	4
मितिहरू	4
मिथिला	4
मिनट	4
मिनेटभन्दा	4
मिलरको	4
मिलरले	4
मिलाउने	4
मिलिट	4
मिलिन्द	4
मिलेको	4
मिलेमतोमा	4
मिश्रका	4
मिश्रित	4
मीनप्रसाद	4
मुक्तसर	4
मुद्रालाई	4
मुफ्ती	4
मुम्बईलाई	4
मुला	4
मुसा	4
मुस्कान	4
मुस्ताङ	4
मूर्तरुप	4
मूर्तिकला	4
मूलका	4
मूल्यवृद्धिका	4
मृगेन्द्रकुमार	4
मृत्युपछि	4
मेगन	4
मेघनाथ	4
मेट्रोलाई	4
मेधेकरले	4
मेनलाइन	4
मेनु	4
मेरुदण्ड	4
मेशिनको	4
मैदानबाट	4
मोजा	4
मोड्न	4
मोरक्कोको	4
मोरबीमा	4
मोहनले	4
मोहालीका	4
मौजूदा	4
म्याक्सवेल	4
म्याग्दी	4
म्यानेजरलाई	4
म्यानेजरले	4
म्यानेजिङ	4
यतीमा	4
यतीले	4
यथावत्	4
यमन	4
यमबुद्धको	4
यरवदा	4
यलो	4
यहां	4
याउनु	4
याए	4
याएपछि	4
याचना	4
यातायातले	4
यात्राले	4
यात्रीको	4
यापर	4
यार्ड	4
यार्डको	4
याली	4
युएईविरुद्धको	4
युके	4
युताकाले	4
युद्धका	4
युनिक	4
युनिटमा	4
युनिटसम्म	4
यूएस	4
यूजीसीले	4
योजनासँग	4
रकेट	4
रक्त	4
रक्षक	4
रक्सौल	4
रगतमा	4
रङ	4
रङ्गशालालाई	4
रजा	4
रजिष्ट्रार	4
रञ्जित	4
रणनीतिबारे	4
रणबीर	4
रथी	4
रनबनाएको	4
रनवे	4
रनौतले	4
रसद	4
रहित	4
रहिरहनेछ	4
रहेसम्म	4
रहोस्	4
राइडरको	4
राइनोज	4
राइनोजले	4
राखेपका	4
राखेपको	4
राखेपछि	4
राख्नका	4
राख्नुपर्छ	4
राख्नुभयो	4
राख्नेछ	4
राजकिशोर	4
राजकीय	4
राजकुमारी	4
राजकोटमा	4
राजदूतावासका	4
राजदूतावासको	4
राजनीतिकरण	4
राजपाका	4
राजबहादुर	4
राजभण्डारीले	4
राज्यसभामा	4
राज्यहरूबीच	4
राणाको	4
रामटेक	4
रामराज्य	4
रामराज्यको	4
रामानन्द	4
रामेछापको	4
राष्ट्रसम्मिलित	4
राहुललाई	4
रिक्वेस्ट	4
रिची	4
रिजवानले	4
रिजालका	4
रिटनिवेदनमाथि	4
रिडर	4
रिडेबल	4
रिपो	4
रिभरगाइडको	4
रिभ्याम्प	4
रिमा	4
रिया	4
रियाज	4
रियो	4
रिहाईको	4
रिह्याबिलिटेशन	4
रुक्मिणी	4
रुटका	4
रुपान्तरण	4
रेफ्रीको	4
रेमिट्यान्स	4
रेवतीले	4
रेसिङ	4
रॉक	4
रोका	4
रोकियो	4
रोकेपछि	4
रोज्न	4
रोडसम्म	4
रोपिएका	4
रोपेका	4
रोमा	4
रोयापुरम	4
रोस्टरमा	4
रौतहटको	4
र्यापिड	4
लक्ष्मीर	4
लखा	4
लगाइनेछ	4
लगाउनुपरेको	4
लगानीकर्ताका	4
लगानीमैत्री	4
लगानीलाई	4
लगाया	4
लगिन्छ	4
लगियो	4
लघु	4
लजिस्टिक	4
लटरी	4
लडाकू	4
लडेर	4
लण्डनको	4
लमजुङ	4
लम्बाइको	4
लम्साललाई	4
लम्सालले	4
लश्कर	4
लहरले	4
लाइक	4
लाइट	4
लाइनका	4
लागुऔषध	4
लागूपदार्थ	4
लाग्नुको	4
लाठीचार्ज	4
लामिछानेसँगै	4
लार्सन	4
लालबहादुर	4
लाहौल	4
लिइसकेका	4
लिक्विड	4
लिक्विफाइड	4
लिगलाई	4
लिगेसी	4
लिङ्देन	4
लिनेको	4
लिनेछ	4
लिफ्टमा	4
लिफ्टिङ	4
लिभरपुलका	4
लिमिटेडबीच	4
लिस्टमा	4
लीक	4
लुकेर	4
लुटपाट	4
लुधियानाको	4
लुम्बिनीमा	4
लेआउट	4
लेखनको	4
लेखिएका	4
लेख्न	4
लेगको	4
लेडी	4
लेनदेनको	4
लोकतन्त्रमा	4
लोकबहादुर	4
लोकमार्ग	4
लोडसेडिङ	4
लोरेन्जोले	4
लोहिया	4
ल्याइनेछ	4
ल्याउनेछ	4
ल्यान्ड	4
ल्हासा	4
वचन	4
वटावडामा	4
वन्दे	4
वरिष्ठतम	4
वर्षेनी	4
वसावालाई	4
वस्तुलाई	4
वाइल्ड	4
वाई	4
वाग्ले	4
वातावरणको	4
वातावरणमैत्री	4
वार	4
वारेन्टी	4
वाल	4
वासनले	4
वास्तविकतामा	4
विकले	4
विकाससम्बन्धी	4
विग्नेश्वरी	4
विच्छेद	4
विज्ञसँग	4
विज्ञानको	4
विदेशीलाई	4
विद्यालयलाई	4
विद्यालयहरूको	4
विद्युतीकरण	4
विद्युत्का	4
विद्रोह	4
विधानसभाका	4
विधानसभाबाट	4
विधिसम्मत	4
विध्वंस	4
विनम्र	4
विनर	4
विनाशको	4
विनिता	4
विनियोजनको	4
विन्ध्यवासिनी	4
विपक्षीहरूले	4
विपत्तिका	4
विभागहरूमा	4
विमोचन	4
विरनदीप	4
विल	4
विवरणको	4
विवादपछि	4
विवादबारे	4
विवाहित	4
विशेषज्ञता	4
विशेषज्ञहरू	4
विशेषताहरूको	4
विश्लेषणका	4
विश्वनाथ	4
विश्वविद्यालयहरूमा	4
विश्वविद्यालयहरूलाई	4
विश्वसामु	4
विश्वासमा	4
विष	4
विषयहरू	4
विष्फोट	4
विस्थापित	4
विस्फोटमा	4
वीरसिंहा	4
वीरेन्द्रनगरमा	4
वृत्तचित्र	4
वृद्धहरू	4
वृद्धिपछि	4
वेष्ट	4
वैभव	4
वैवाहिक	4
वैष्णवलाई	4
व्यक्तित्वलाई	4
व्यक्तिबाट	4
व्यक्तिमा	4
व्यक्तिमाथि	4
व्यङ्ग्यात्मक	4
व्यवसायबाट	4
व्यवसायीका	4
व्यवस्थाका	4
व्यवस्थापनलाई	4
व्यवस्थापनसँग	4
व्यवहारमा	4
व्यवहारिक	4
व्यापारलाई	4
व्यापारसम्बन्धी	4
शक्तिमा	4
शत्रुतापूर्ण	4
शनिबारसम्म	4
शब्दहरूको	4
शम्भु	4
शम्शेर	4
शरणार्थी	4
शरीरका	4
शर्तहरू	4
शर्मालगायत	4
शहरबाट	4
शाखाको	4
शायद	4
शाहजहाँ	4
शाहजहाँपुर	4
शिक्षकहरूले	4
शिक्षामन्त्री	4
शिल्प	4
शिवसेनाले	4
शिवाजी	4
शिवाजीनगर	4
शिवाजीनगरको	4
शिवानी	4
शिविरको	4
शिशुको	4
शीर्षमा	4
शुभ	4
शुभमन	4
शुरुदेखि	4
शून्यको	4
शृंखला	4
शेखको	4
शेतकारी	4
शेर्पालाई	4
शोएब	4
शोकेस	4
शोलिंगनल्लूर	4
शोषण	4
शौचालय	4
श्रद्धाञ्जलिका	4
श्रद्धाञ्जली	4
श्रवण	4
श्रीमतीको	4
श्रीमतीले	4
श्रीलङ्काबीचको	4
श्रीलङ्कासँग	4
संकायमा	4
संक्रमणबाट	4
संक्षिप्त	4
संगठनमा	4
संगठनलाई	4
संगठनहरूको	4
संगरुरस्थित	4
संचयी	4
संज्ञेय	4
संदिग्ध	4
संबंध	4
संभावना	4
संरक्षणको	4
संरक्षणमा	4
संवद्र्धन	4
संविधानसभा	4
संशोधनका	4
संशोधनमा	4
संशोधनले	4
संसारभरका	4
संस्कारका	4
संस्थानका	4
सकता	4
सकिनेछ	4
सक्दिन	4
सङ्कट	4
सङ्कटबाट	4
सजिएका	4
सजिलै	4
सञ्चय	4
सडकका	4
सडकखण्डमा	4
सडकहरूको	4
सतहमा	4
सतिश	4
सतीश	4
सत्यतथ्य	4
सत्यता	4
सत्यनले	4
सन	4
सनराइजर्सले	4
सन्दिपले	4
सप्तरीका	4
सप्लाई	4
सफलतापछि	4
सफ्टवेयरको	4
सबसे	4
सबस्टेसन	4
सब्स्टिच्युट	4
समकक्षीसँग	4
समझदारी	4
समतामूलक	4
समयबद्धता	4
समयभित्र	4
समर्थकको	4
समर्पणलाई	4
समष्टिगत	4
समाजले	4
समाजवादीका	4
समाजवादीले	4
समात्ने	4
समानान्तर	4
समारोहका	4
समिक्षा	4
समिटको	4
समिटमा	4
समीक्षाले	4
समूहतर्फ	4
समूहसँग	4
समूहहरूले	4
सम्पत्तिलाई	4
सम्बोधनको	4
सम्मानका	4
सम्मेलनले	4
सरकारहरू	4
सरकारहरूले	4
सरप्राइज	4
सराङकोटबाट	4
सरोजकुमार	4
सर्जन	4
सर्जिकल	4
सर्भ	4
सर्भिसेजको	4
सर्भे	4
सर्वश्रेष्ठ	4
सर्वसाधारण	4
सर्वसुलभ	4
सर्वेक्षणका	4
सर्वेक्षणले	4
सर्वोच्चले	4
सर्वोत्तम	4
सलाम	4
सलिमले	4
सहकारीका	4
सहन	4
सहयोगले	4
सहयोगसम्बन्धी	4
सहयोगीको	4
सांकेतिक	4
सांसदका	4
सांसदहरू	4
सांसदहरूलाई	4
साइटहरू	4
साउदर	4
साउदलाई	4
साक्षीको	4
साङ्गीतिक	4
साझेदारलाई	4
साझेदारहरू	4
साझेदारहरूलाई	4
साडी	4
सातवटा	4
सातवटै	4
साथीहरूको	4
साद	4
सादिक	4
सानिमा	4
सानु	4
सान्तोसका	4
सान्यामा	4
साफले	4
सामन्तले	4
सामानमा	4
सायन	4
सारथी	4
सारांश	4
सार्वभौमिकता	4
सावधानीपूर्वक	4
सावित	4
साहसी	4
सिंगापुरको	4
सिंगापुरमा	4
सिंचाइ	4
सिंहगढ	4
सिंहहरू	4
सिक्नुपर्छ	4
सिग्देल	4
सिङ्गापुर	4
सिटिङ	4
सिताराम	4
सिद्धान्तको	4
सिने	4
सिनेमाघरहरूमा	4
सिनेमाजले	4
सिन्ड्रोम	4
सिफ्टमा	4
सिब्बलले	4
सिमकार्ड	4
सिमरनजीत	4
सिमानाको	4
सिमित	4
सिमेन्टको	4
सिरेमिक	4
सिर्फ	4
सिलवाललाई	4
सिल्क	4
सिवाकोटीले	4
सिस्टमको	4
सीआईएसएफ	4
सीआईबी	4
सीएए	4
सीटका	4
सीटीयू	4
सीडीएसले	4
सीभी	4
सीले	4
सुकेटार	4
सुखमन्दर	4
सुगतरत्न	4
सुदूरपश्चिमको	4
सुधारको	4
सुधारमा	4
सुधारात्मक	4
सुनवाईको	4
सुनसरीको	4
सुनाइन्	4
सुनाउनुहुनेछ	4
सुनार	4
सुनुवाई	4
सुनेपछि	4
सुनौलो	4
सुन्तली	4
सुब्बाले	4
सुम्पेको	4
सुरमाला	4
सुरुवाती	4
सुरेन्द्रनगर	4
सुरेन्द्रराज	4
सुरेशकुमार	4
सुल्झिएको	4
सुवाल	4
सुवालले	4
सुवासले	4
सुविधालाई	4
सुवेदीको	4
सुशान्त	4
सुशासनको	4
सुष्मालता	4
सुुरक्षा	4
सूचीको	4
सूत्र	4
सूर्यकिरण	4
सेक्रेटरी	4
सेन	4
सेनालाई	4
सेनासँग	4
सेन्टरका	4
सेन्सर	4
सेप्टेम्बरसम्म	4
सेमिफाइनलका	4
सेमिफाइनलबाट	4
सेलका	4
सेल्फी	4
सेल्सियसभन्दा	4
सेवक	4
सेवारत	4
सैनिकहरूलाई	4
सैफ	4
सैयद	4
सोचका	4
सोधे	4
सोध्दा	4
सोध्न	4
सोनारलाई	4
सोनु	4
सोब	4
सोमनाथ	4
सोयारे	4
सोसाइटीका	4
सोसाइटीको	4
सोसाइटीले	4
सोहेल	4
सौन्दर्य	4
सौराहाका	4
सौहार्दपूर्ण	4
स्कटल्याण्डलाई	4
स्कटल्यान्ड	4
स्कुटरमा	4
स्क्रिनमा	4
स्क्वास	4
स्टडी	4
स्टलहरू	4
स्टार्टअपको	4
स्टुडेन्ट	4
स्तरोन्नतिका	4
स्थगनको	4
स्थलहरूको	4
स्थानांतरित	4
स्थापनाकालदेखि	4
स्नेक	4
स्पारिङ	4
स्पेनको	4
स्पोर्टस	4
स्मरणरहोस्	4
स्मारकहरू	4
स्मार्टफोन	4
स्मिथ	4
स्याङ्जा	4
स्याङ्जाका	4
स्यानिटाइजरको	4
स्व	4
स्वर	4
स्वरमा	4
स्वविवेकीय	4
स्वादको	4
स्वाभिमानी	4
स्वामिनाथन	4
स्वारगेट	4
स्वास्थ्यवद्र्धक	4
स्विट्जरल्याण्डका	4
स्वीकार्न	4
स्वीप	4
हंगामा	4
हक्की	4
हजारको	4
हजारौँ	4
हटाउनु	4
हडतालका	4
हतियारको	4
हत्याका	4
हनान	4
हनुमान	4
हप्तापछि	4
हफिजले	4
हरप्रीत	4
हराउन	4
हरिप्रसाद	4
हरियाणामा	4
हर्षदले	4
हस्तक्षेपलाई	4
हस्ताक्षरकर्ता	4
हाँसो	4
हाइड्रो	4
हाइब्रिड	4
हाउ	4
हानेको	4
हान्ने	4
हाम	4
हारको	4
हालका	4
हालसम्मको	4
हाल्ने	4
हावाहुरी	4
हावाहुरीका	4
हितको	4
हिमा	4
हिमांशु	4
हिमालको	4
हिरासतको	4
हुँदैनन्	4
हुई	4
हुड्डा	4
हुनाले	4
हुनुभएका	4
हुनुहुँदैन	4
हुनेलाई	4
हुन्छु	4
हुन्थे	4
हुर	4
हुलाक	4
हृदयरोग	4
हृदयेश	4
हे	4
हेडरमार्फत	4
हेनरी	4
हेरचाहको	4
हेरेका	4
हेर्नुहोस्	4
हेलिकप्टरबाट	4
हैदरावादलाई	4
होरान	4
ह्याकरले	4
ह्यान्ड	4
ीकरण	4
०८०	4
१०००	4
१२३	4
१२६	4
१३४	4
१३७	4
१३८	4
१४३	4
१४५	4
१४८	4
१४९	4
१५१	4
१६२	4
१८००	4
१८७	4
१९३०	4
१९४०	4
१९४५	4
१९६६	4
१९७१	4
१९७४	4
१९७५	4
१९८	4
१९८७	4
१९८८	4
१९९	4
२०१	4
२०३०	4
२१०	4
२११	4
२१४	4
२२३	4
२२४	4
२२६	4
२४१	4
२४६	4
२५७	4
२८३	4
२८८	4
३०४	4
३२३	4
३२५	4
३३३	4
३४१	4
३४६	4
३५३	4
४०६	4
४०८	4
४१०	4
४२७	4
४३०	4
५०७	4
५१८	4
५२५	4
५३१	4
५४०	4
५४५	4
५६०	4
५६५	4
५६६	4
६५९	4
६७०	4
६८९	4
७१९	4
७४९	4
७६७	4
८१४	4
८४५	4
८५८	4
९२०	4
९३३	4
९६२	4
0	3
07	3
1270	3
1853	3
1974	3
2012	3
2015	3
2019	3
27	3
33	3
34	3
370	3
40	3
44	3
53	3
75	3
90	3
98	3
News	3
PTI	3
femalefirst	3
ः४०	3
अँगालो	3
अंकुश	3
अंगीकार	3
अंडरटेकिङ	3
अक्सनका	3
अखबार	3
अखबारका	3
अख्तरविरुद्ध	3
अगस्टको	3
अगुवा	3
अग्रगामी	3
अग्रज	3
अग्रवालको	3
अग्ला	3
अघिको	3
अङ्गीकृत	3
अचल	3
अच्छे	3
अछाम	3
अजहरी	3
अजहरीलाई	3
अजहरीले	3
अटुट	3
अटेन्डेन्ट	3
अडानका	3
अडानीको	3
अडिग	3
अडिटमा	3
अडिसन	3
अडिसनमा	3
अण्डमान	3
अतुल	3
अधिकांशले	3
अधिकारकर्मीका	3
अधिकारमा	3
अधिकारीमाथि	3
अधिकारीलगायत	3
अधिवक्ताको	3
अधिसूचनाको	3
अध्यक्षसमेत	3
अध्यक्षहरू	3
अध्ययनहरूले	3
अध्यापन	3
अध्याय	3
अनन्तराज	3
अनलाइनखबरलाई	3
अनलाइनखबरसँगको	3
अनलोड	3
अनहिन्ज्ड	3
अनिर्वाण	3
अनुच्छेद	3
अनुत्पादक	3
अनुप	3
अनुपकुमार	3
अनुमतिका	3
अनुमतिको	3
अनुमानका	3
अनुमोदनको	3
अनुरूप	3
अनुष्काले	3
अनुसन्धानकर्ताले	3
अनुसन्धानलाई	3
अनुसन्धानसँग	3
अनेरास्ववियुले	3
अन्जारियाले	3
अन्जुमन	3
अन्डर	3
अन्तक्र्रियाकार्यक्रममा	3
अन्तरप्रदेश	3
अन्तरबैंक	3
अन्तर्राष्ट्रियक्रिकेटमा	3
अन्तर्राष्ट्रियस्तरको	3
अन्त्यको	3
अन्त्यदेखि	3
अन्बुमणिले	3
अन्यविरुद्ध	3
अन्वेषक	3
अपदस्थ	3
अपराधबाट	3
अपराधहरूको	3
अपराधीहरूको	3
अपराधीहरूले	3
अपरान्ह	3
अपरिष्कृत	3
अपरेशनल	3
अपरेसनको	3
अपहरू	3
अपहरूलाई	3
अपूरणीय	3
अपेक्षाअनुसार	3
अपेक्षाकृत	3
अपोइन्टमेन्ट	3
अपोजिटमा	3
अप्रयुक्त	3
अफगानिस्तानले	3
अफरहरु	3
अफिसरले	3
अफिसरहरू	3
अफिसर्स	3
अफिसियल	3
अफिसियललाई	3
अफिसियलले	3
अफ्रिदीले	3
अबु	3
अबुधाबी	3
अबुधाबीको	3
अबोहरका	3
अब्दुल्लाहले	3
अभिजात	3
अभिनव	3
अभिनेताबाट	3
अभिनेत्रीको	3
अभिभावकका	3
अभिभावकको	3
अभिभावकले	3
अभियानमार्फत	3
अभियुक्तहरूको	3
अभियुक्तहरूलाई	3
अभियोगलागेका	3
अभिलेखमा	3
अभिवृद्धिमा	3
अभिव्यक्तिका	3
अभ्यस्त	3
अमरूद	3
अमरेली	3
अमिक	3
अमितवीर	3
अमिताभ	3
अमृतसरको	3
अमेरिकासम्मिलित	3
अमेरिकास्थित	3
अमोनियम	3
अम्बाला	3
अम्बालियाले	3
अयान	3
अय्यरले	3
अराइभल	3
अरिक	3
अरेबियाबीचको	3
अरेबियालाई	3
अरेबियाले	3
अरेस्ट	3
अरोरालाई	3
अर्काबाट	3
अर्कासँग	3
अर्कै	3
अर्गानिक	3
अर्जेन्टिनाका	3
अर्जेन्टिनालाई	3
अर्थपूर्ण	3
अर्थव्यवस्था	3
अर्थशास्त्र	3
अर्नाउड	3
अर्बरुपैयाँबाट	3
अर्बले	3
अर्यालको	3
अलग्गै	3
अलान्दीमा	3
अलिशा	3
अलीपुरस्थित	3
अल्मुताइरीले	3
अवकाशपछि	3
अवलोकनमा	3
अवलोकनले	3
अवस्थाले	3
अवार्डमा	3
अवार्ड्समा	3
अव्यवस्थित	3
अव्यवहारिक	3
अशिष्ट	3
अशोकले	3
अष्ट्रिया	3
अष्ट्रेलियाको	3
अष्ट्रेलियाबाट	3
असन्तोष	3
असफलता	3
असफलताबाट	3
असम्बन्धित	3
असारको	3
असुल्न	3
असुविधाप्रति	3
असोजको	3
असोजदेखि	3
अस्ट्रेलियाका	3
अस्ट्रेलियामा	3
अस्ट्रेलियासँग	3
अस्तबलहरू	3
अस्थिर	3
अस्पताललाई	3
अस्पतालहरु	3
अस्पष्ट	3
अहिर	3
आँकलन	3
आँधीबेहरी	3
आंगनवाड़ी	3
आइक्युब	3
आइडलको	3
आइसोलेसन	3
आइसोलेसनमा	3
आईएफसीका	3
आईएमईका	3
आईएमएफले	3
आईजीयू	3
आईसीसी	3
आउटडोर	3
आउटसोर्सिङ	3
आउनु	3
आउनुअघि	3
आउनुभन्दा	3
आएसँगै	3
आक्रमणकारी	3
आक्रमणप्रति	3
आक्रमणले	3
आगन्तुक	3
आगन्तुकको	3
आघात	3
आङदेम्बे	3
आचरण	3
आचरणको	3
आडवाणीलाई	3
आतंकको	3
आतंकित	3
आतिथ्य	3
आतिशबाजी	3
आत्म	3
आत्मविश्वासका	3
आत्महत्याको	3
आत्मा	3
आदानप्रदानका	3
आदिको	3
आदित्यनाथ	3
आदित्यनाथको	3
आदिमा	3
आदिवासीहरूको	3
आदेशका	3
आधामा	3
आधारहरू	3
आना	3
आन्दोलनपछि	3
आपको	3
आपतकालिन	3
आपत्तिको	3
आपूर्तिकर्ताले	3
आप्रवासीहरू	3
आफन्त	3
आफन्तको	3
आफै	3
आफैँले	3
आबेलाई	3
आभूषण	3
आमनिर्वाचनको	3
आमाबाबुको	3
आम्दा	3
आम्दानीको	3
आयरल्याण्डका	3
आयातकर्ता	3
आयातलाई	3
आयाम	3
आयोगअन्तर्गतको	3
आयोगबाट	3
आयोजकलाई	3
आयोजकहरूलाई	3
आयोजनाअन्तर्गत	3
आरई	3
आरएमसीले	3
आरएसएस	3
आरटीएस	3
आरटीओले	3
आरपीएफ	3
आरसीबीले	3
आरोपित	3
आरोपीविरुद्ध	3
आरोपीहरूलाई	3
आर्कटिक	3
आर्किटेक्ट	3
आर्द्रताको	3
आर्मीका	3
आलुको	3
आलेको	3
आलोचनाका	3
आवंटन	3
आवरमा	3
आवश्यकताहरूको	3
आवागमनका	3
आवाजसँग	3
आवेदकलाई	3
आवेदनको	3
आशंकामा	3
आशाका	3
आशाहरूको	3
आशुतोष	3
आश्रम	3
आश्रयस्थल	3
आसपास	3
आसामका	3
आस्थाको	3
इंग्लिस	3
इंग्ल्यान्डलाई	3
इकाइमा	3
इकोसिस्टमलाई	3
इक्बाल	3
इक्यानले	3
इङ्ल्यान्डका	3
इजरायलका	3
इजरायलले	3
इजिप्टका	3
इञ्जिनियरलाई	3
इटालीका	3
इटालीबाट	3
इडेन	3
इतिहासकै	3
इनाम	3
इनार	3
इनिङ	3
इनिङलाई	3
इनिङ्स	3
इनिसिएटिभ	3
इन्गेजमेन्टको	3
इन्च	3
इन्जिनियरिङका	3
इन्टरकनेक्सन	3
इन्टरकन्टिनेन्टल	3
इन्टरनेसनलका	3
इन्टरनेसनलमा	3
इन्टरभेन्सन	3
इन्टेरियर	3
इन्डिजमा	3
इन्डिजविरुद्धको	3
इन्डियामा	3
इन्डोनेसियाली	3
इन्डोनेसियासँग	3
इन्फेन्ट	3
इन्फोसिस	3
इन्फ्लुएन्सर	3
इन्सुरेन्स	3
इन्स्टिच्युटमा	3
इन्स्टिच्युटले	3
इन्स्पेक्टरको	3
इन्स्योरेन्सले	3
इपिएलका	3
इभेन्टको	3
इभेन्ट्स	3
इमेलका	3
इम्प्याक्ट	3
इरोस	3
इलाकाको	3
इलामका	3
इलेक्टोरल	3
इसारामा	3
इस्टर्न	3
इस्तियाक	3
ईआईबी	3
ईडीस्रोतका	3
ईयू	3
ईयूको	3
ईयूले	3
ईश्वरी	3
ईसीबीले	3
ईस्ट	3
उक्लँदै	3
उक्लन	3
उक्लेको	3
उखुको	3
उग्राहन	3
उजुरीलाई	3
उजुरीहरू	3
उज्बेकिस्तानसँग	3
उज्यालोको	3
उठाइरहेको	3
उठाएनन्	3
उठाएर	3
उठे	3
उडाउने	3
उडाएका	3
उडाएको	3
उतारचढाव	3
उतारचढावका	3
उत्तरकुमार	3
उत्तरतर्फको	3
उत्तरदायी	3
उत्तरमा	3
उत्तेजक	3
उत्थान	3
उत्पादकले	3
उत्पादकहरूले	3
उत्पादनहरूको	3
उत्पीडनको	3
उत्रिएको	3
उत्सर्जनमा	3
उदयपुरको	3
उदयशम्शेर	3
उदाएका	3
उद्घाटनपछि	3
उद्योगबाट	3
उद्योगमन्त्री	3
उद्योगसँग	3
उद्योगहरूको	3
उनकै	3
उनीभन्दा	3
उनीहरूभन्दा	3
उनीहरूमध्ये	3
उन्नयन	3
उपकरणका	3
उपचारात्मक	3
उपचुनावमा	3
उपज	3
उपत्यकाभित्र	3
उपत्यकालगायत	3
उपनगरीय	3
उपनियम	3
उपन्यास	3
उपप्रधानमन्त्रीको	3
उपभोक्ताहरू	3
उपमेयर	3
उपयोगको	3
उपरकोटी	3
उपरथी	3
उपराज्यपालले	3
उपलोकायुक्त	3
उपल्लो	3
उपविदेशमन्त्री	3
उपसमितिका	3
उपसमितिले	3
उपस्थितिलाई	3
उपाधिसँगै	3
उपायको	3
उपायुक्त	3
उपेक्षित	3
उप्रेतीले	3
उबराज	3
उभिएर	3
उमरानांगलले	3
उमाशङ्कर	3
उमेरदेखि	3
उम्कन	3
उल्टो	3
उल्वे	3
उसने	3
ऊतक	3
ऊर्जामा	3
ऋणदाताहरूले	3
ऋणी	3
ऋतिक	3
ऋषभ	3
ऋषिकेश	3
ऋषिराम	3
एअरलाइन्सले	3
एआइजीमा	3
एआईबीए	3
एआईसीसी	3
एआईसीसीका	3
एउटी	3
एएआई	3
एएआर	3
एएफपी	3
एएम	3
एएसआईले	3
एएसबीपीएलका	3
एकाइलाई	3
एकाउन्टेन्ट	3
एकिकृत	3
एक्जिम	3
एक्नेस	3
एक्यूआई	3
एक्सचेन्जलाई	3
एक्सप्रेसवेमा	3
एक्सप्रेसवेलाई	3
एक्सेल	3
एक्स्चेन्ज	3
एक्स्ट्रक्टर्स	3
एग्रीकल्चरल	3
एग्रोको	3
एग्रोले	3
एघारौं	3
एचआईजी	3
एचके	3
एचफाइभएनवान	3
एचबी	3
एचबीए१सी	3
एचबीओ	3
एचबीओले	3
एजेन्टलाई	3
एजेन्टहरूको	3
एजेन्सीबाट	3
एजेन्सीमा	3
एजेन्सीहरूको	3
एजेन्सीहरूसँग	3
एटलान्टा	3
एटिएफ	3
एटीएसले	3
एडेल	3
एडोर	3
एड्स	3
एथलेटिक	3
एनआईएको	3
एनएटीएम	3
एनएसएलको	3
एनओसी	3
एनटीकेका	3
एनडी	3
एनडीएमसी	3
एनबीसीको	3
एनवाई	3
एनसीआरबी	3
एनसीपीले	3
एनसीसी	3
एनेसलाई	3
एन्जलसको	3
एन्जिला	3
एन्टोनी	3
एपेक्स	3
एफआइआरका	3
एफएसआई	3
एफसीका	3
एबीभीपी	3
एभिएसन	3
एमआई	3
एमएआरडी	3
एमएमसीलाई	3
एमएलडी	3
एमएसआरडीसी	3
एमजीएमको	3
एमपीसीबीले	3
एमबाप्पेले	3
एमबीपीए	3
एमबीपीएले	3
एमयू	3
एमालेलाई	3
एमिनेमले	3
एम्फीथिएटर	3
एम्बुलेन्सलाई	3
एम्सको	3
एयरलाइनले	3
एयरलाइन्सलाई	3
एरिक	3
एलएन्डटी	3
एलएलपी	3
एलेक्सिस	3
एलेन	3
एल्गार	3
एशियाटिक	3
एसआईटीले	3
एसईए	3
एसएम	3
एसएसएनएनएलका	3
एसजीपीसीले	3
एसटीपी	3
एसपीपीयूको	3
एसपीपीयूले	3
एसबीआईले	3
एसीको	3
एसीबाट	3
एसीमा	3
एसेम्बल	3
एसोसिएशनका	3
ऐनका	3
ओखर	3
ओखरको	3
ओझाबाट	3
ओटर	3
ओटरहरू	3
ओपेनहाइमर	3
ओपेरा	3
ओबामाको	3
ओभरहेड	3
ओमप्रकाश	3
ओमानको	3
ओरियन्टल	3
ओरेन्ज	3
ओर्लेपछि	3
ओलम्पिक२०२०	3
ओल्ड	3
ओसियाना	3
ओसी	3
औंल्याएको	3
कँडेलको	3
कंक्रिटको	3
कंपनी	3
कंसाकारका	3
कई	3
कञ्चनपुर	3
कटानको	3
कट्टेल	3
कठिनाइहरूको	3
कतिपयले	3
कथाले	3
कदमबाट	3
कनेक्ट	3
कन्टेनरहरू	3
कन्डिसनर	3
कन्नौजका	3
कन्नौजमा	3
कन्फरेन्समा	3
कन्सन्ट्रेटर	3
कन्सर्टको	3
कन्सल्टेन्सी	3
कन्सुलर	3
कन्स्ट्रक्सनका	3
कपिलवस्तुको	3
कपुरकी	3
कपुरको	3
कपुरले	3
कप्तानले	3
कमको	3
कमजोरीलाई	3
कमलादीमा	3
कमाइ	3
कमिशन	3
कमिसनबाट	3
कम्पनीमाथि	3
कम्पनीविरुद्ध	3
कम्पनीहरुको	3
कम्पालामा	3
कम्बोजले	3
कम्बोडियाका	3
कम्युनिटी	3
करणी	3
करप्सन	3
कराई	3
कराड	3
करावल	3
करिश्मा	3
करुणा	3
करोडबाट	3
करोडौंको	3
कर्तव्यबाट	3
कर्नाटकबाट	3
कर्प	3
कर्पोरेशन	3
कर्ब	3
कर्मचारीसँग	3
कर्मा	3
कलश	3
कलहरू	3
कलाकारका	3
कलाकारलाई	3
कलाकारहरूले	3
कलाकृति	3
कवितामा	3
कसर	3
कसैसँग	3
कही	3
काँग्रेसविजयी	3
काइली	3
काउन्सिलर	3
काकोली	3
काखमा	3
कागजातका	3
कागजातलाई	3
काजी	3
काटिएको	3
काटेका	3
काटेको	3
काठमाडौँदेखि	3
काठमाडौंलाई	3
काण्डको	3
कात्तिकदेखि	3
कानमा	3
कानुनले	3
कानुभाई	3
कानूनअनुसार	3
कान्छा	3
कान्ता	3
काफ्लेलाई	3
काबेली	3
काभ्रे	3
काभ्रेपलाञ्चोकको	3
कामदारबाट	3
कामदारमा	3
कारखानाको	3
कारखानालाई	3
कारखानाहरू	3
कारणहरूको	3
कारबाट	3
कार्कीसहित	3
कार्डियोलोजी	3
कार्यक्रमहरु	3
कार्यक्रमहरूमा	3
कार्यतालिकाअनुसार	3
कार्यतालिकाबारे	3
कार्यदलका	3
कार्यपत्र	3
कार्यपालिका	3
कार्यवाहीमा	3
कार्यसञ्चालनका	3
कार्यसम्पादनको	3
कार्यसूचीका	3
कार्यस्थलमा	3
कार्यान्वयनगर्ने	3
कार्यान्वयनसम्बन्धी	3
कार्यालयभित्र	3
कार्यालयसँग	3
कार्यालयहरू	3
कार्यालयहरूमा	3
कार्यालयहरूले	3
कालका	3
काला	3
काश्मिर	3
काश्मिरका	3
काश्मिरमा	3
किंवदंती	3
किकलाई	3
किट्स	3
किनबेच	3
किनरारा	3
किनारको	3
किन्ने	3
किन्नोलाई	3
किराँतीले	3
किरातीका	3
किर्गिस्तानको	3
किर्गिस्तानमा	3
किर्गिस्तानसँग	3
किलोभन्दा	3
किलोमिटरभन्दा	3
किशोरीहरूको	3
किसिमको	3
किसी	3
किस्ताबन्दीमा	3
कुँवरका	3
कुक	3
कुखुरालाई	3
कुञ्जी	3
कुपोषणका	3
कुपोषणको	3
कुमारका	3
कुमारसँग	3
कुराकानीमा	3
कुरियनले	3
कुरेर	3
कुरै	3
कुलकर्णी	3
कुलपति	3
कुवेतबाट	3
कुशवाहाले	3
कूटनीतिज्ञले	3
कृतिका	3
कृषक	3
कृषिप्रधान	3
कृष्णले	3
कृष्णा	3
केएसआर	3
केक	3
केजरीवालको	3
केजीमुनि	3
केटाकेटीहरू	3
केटीको	3
केदारनाथ	3
केन्द्रसँग	3
केन्द्रसरकारविरुद्ध	3
केन्द्रीकृत	3
केन्याका	3
केपा	3
केपीएस	3
केरलाबाट	3
केलियन	3
केली	3
केशवलाल	3
केसर	3
कैदीहरूले	3
कॉलेज	3
कोटामा	3
कोठाबाट	3
कोदो	3
कोरिडोरमा	3
कोरोनरी	3
कोर्टको	3
कोवेलले	3
कोस्टनर	3
कोहलीको	3
कोहलीले	3
कोहीले	3
कौशिकलाई	3
कौशिकले	3
क्याजुअल	3
क्यान्डीमा	3
क्यान्डीहरू	3
क्यान्सरलाई	3
क्यापको	3
क्यापिटलका	3
क्याप्सन	3
क्याबिन	3
क्याबिनेटमा	3
क्याबिनेटले	3
क्यामरुनले	3
क्यामरून	3
क्यारियरमा	3
क्यालम	3
क्यालेन्डरमा	3
क्यासब्याक	3
क्यासिनोबाट	3
क्यों	3
क्रसिङ	3
क्राउन	3
क्रान्तिमा	3
क्रिएटिभ	3
क्रिकेटप्रतिको	3
क्रिकेटरको	3
क्रिश	3
क्रिस्टिना	3
क्रेगले	3
क्रेज	3
क्रेमलेभसहित	3
क्रोएसिया	3
क्लबकी	3
क्लबहाउस	3
क्लार्क	3
क्लासका	3
क्लिक	3
क्वारेन्टाइनका	3
क्वालालम्पुर	3
क्वालालम्पुरमा	3
क्षतिबाट	3
क्षमताअनुसार	3
क्षयरोग	3
क्षेत्रभित्रका	3
क्षेत्रीको	3
खंडपीठले	3
खचाखच	3
खटाइनेछ	3
खटिने	3
खड़गेले	3
खड़ी	3
खड्कराज	3
खड्कला	3
खतरामुक्त	3
खनाललाई	3
खन्नाको	3
खपतको	3
खपतमा	3
खम्बामा	3
खम्भातको	3
खराबीका	3
खरिदसम्बन्धी	3
खरीदको	3
खरेल	3
खरेलका	3
खरेलबीच	3
खर्बभन्दा	3
खल्ती	3
खल्तीमा	3
खाँण	3
खाएर	3
खाजा	3
खाडल	3
खाद्यवस्तु	3
खाद्यान्नको	3
खानकी	3
खानतलासी	3
खानलाई	3
खानु	3
खारिज	3
खालसा	3
खिमलाल	3
खिम्ती	3
खिल्ली	3
खुट्टाको	3
खुर्द	3
खुर्शीदले	3
खुलेर	3
खुल्नेछ	3
खुशीको	3
खुशीयाली	3
खेत	3
खेतीमा	3
खेमामा	3
खेमाले	3
खेरा	3
खेराको	3
खेलअवधिभर	3
खेलकुदका	3
खेलले	3
खेलसँगै	3
खेलाडीमाथि	3
खेलाडीहरूले	3
खेलाले	3
खेलिसकेको	3
खेल्नु	3
खेल्नुपर्ने	3
खोज	3
खोजिएको	3
खोजीको	3
खोजेपछि	3
खोज्छ	3
खोज्छन्	3
खोज्नको	3
खोज्नुभएको	3
खोटाङ	3
खोपले	3
खोलेपछि	3
खोल्नका	3
खोसे	3
खोसेर	3
ख्यातिप्राप्त	3
गएकी	3
गट्टानीले	3
गठनसम्बन्धी	3
गडकरीले	3
गडखोल	3
गणकहरूले	3
गणपति	3
गतिविधिले	3
गतिविधिहरूलाई	3
गतिशील	3
गतिशीलता	3
गद्दार	3
गन	3
गभर्निङ	3
गमाडाका	3
गराउँछ	3
गराउनुपर्नेमा	3
गरिनु	3
गरिरहने	3
गरिसकेकी	3
गरेँ	3
गरेकै	3
गरेलगत्तै	3
गर्दैछिन्	3
गर्दैछु	3
गर्नुपरेका	3
गर्नुबाहेक	3
गर्नुमा	3
गर्नुहुन्थ्यो	3
गर्नेलगायत	3
गर्नेलगायतका	3
गर्नेहरुलाई	3
गर्नेहरू	3
गर्भपतनको	3
गर्भाशय	3
गर्मीको	3
गर्मीयाममा	3
गर्वका	3
गर्वको	3
गला	3
गल्र्स	3
गवाही	3
गहतराजले	3
गहिराइबाट	3
गांव	3
गाईजात्रा	3
गाउँकी	3
गाउँमै	3
गाउँहरूको	3
गाडीका	3
गाडीले	3
गाडेको	3
गाभिएका	3
गाभिने	3
गायकको	3
गायकले	3
गायकवाडमाथि	3
गायकवाड़	3
गार्डेनस्थित	3
गार्मेन्ट	3
गालामा	3
गिजरबाट	3
गियर	3
गिर	3
गिरिराजमणि	3
गिरोहको	3
गीतमा	3
गीतहरूको	3
गीतहरूमा	3
गुगलको	3
गुज्रने	3
गुटेर्रेसको	3
गुडगाउँ	3
गुड्न	3
गुणात्मक	3
गुना	3
गुनासोहरू	3
गुमाइरहेको	3
गुमाउँदा	3
गुमाएकाप्रति	3
गुरजीत	3
गुरदासपुर	3
गुल्मीका	3
गृहमन्त्रीको	3
गेमिङले	3
गेम्सको	3
गेललाई	3
गेलले	3
गेहेन्द्र	3
गैरभौगोलिक	3
गोंदिया	3
गोडेरले	3
गोपालदादा	3
गोपालनाथ	3
गोयल	3
गोरखाका	3
गोरखाको	3
गोरेगांव	3
गोलकर्ता	3
गोलकर्ताको	3
गोलपोस्टमा	3
गोलबाट	3
गोलले	3
गोलाकार	3
गोल्छा	3
गोल्छाले	3
गोल्ड	3
गोल्डकप	3
गोवना	3
गोविन्ददेव	3
गोष्ठीमा	3
गौरिकाले	3
ग्याम्बलले	3
ग्यारी	3
ग्यालरीका	3
ग्यालेक्सी	3
ग्याल्त्शेनले	3
ग्यासमा	3
ग्राण्ड	3
ग्रान्डस्लाम	3
ग्रामका	3
ग्रामोदय	3
ग्रीनफिल्ड	3
ग्रेजुएट	3
ग्रेड	3
ग्रेले	3
घंटे	3
घटनाका	3
घटनाक्रमका	3
घटनाक्रमको	3
घटनास्थलबाट	3
घटनाहरु	3
घटनाहरूलाई	3
घटाएका	3
घटाएपछि	3
घटे	3
घट्दा	3
घण्टे	3
घनमिटर	3
घना	3
घन्टौंसम्म	3
घरदैलो	3
घरधुरीलाई	3
घरपालुवा	3
घरहरूमा	3
घरायसी	3
घलेले	3
घाँटीमा	3
घिरालाई	3
घेरा	3
घेरिएका	3
घोडचढी	3
घोडालाई	3
घोषणापछि	3
घोषणाले	3
घोषणासँगै	3
चकित	3
चक्रको	3
चटपटे	3
चढे	3
चन्दन	3
चन्दसहित	3
चन्द्रप्रकाश	3
चन्द्रसिंह	3
चरणबाटै	3
चर्चमा	3
चलचित्रका	3
चलचित्रबाट	3
चलचित्रले	3
चलन	3
चला	3
चलाउँछ	3
चलाउँछन्	3
चलाउने	3
चलायमान	3
चहल	3
चाडपर्वले	3
चाबहिल	3
चारआली	3
चारदेखि	3
चार्जिंग	3
चार्टमा	3
चार्ली	3
चाल्नुपर्ने	3
चाल्ने	3
चाहते	3
चाहानुहुन्छ	3
चिकित्सकका	3
चिकित्सकहरूको	3
चिकित्सकहरूलाई	3
चितुवाका	3
चितुवाको	3
चित्र	3
चित्रनेश	3
चिन्हको	3
चिलिङ	3
चीज	3
चीनस्थित	3
चीफ	3
चीमाले	3
चुडामणि	3
चुनौतीका	3
चुनौतीबारे	3
चुपचाप	3
चुम्बन	3
चुरा	3
चेतना	3
चेन्चो	3
चेन्जिङ	3
चेम्जोङको	3
चेम्बुर	3
चेस	3
चैतदेखि	3
चैतर	3
चोरीका	3
चोरेको	3
चौक	3
चौडाइ	3
चौडाइको	3
चौथाइ	3
चौथाइवाले	3
चौबिसै	3
च्याट	3
च्यानललाई	3
च्याप्टर	3
च्याम्पियनसिपबाट	3
च्यालेन्जमा	3
छक्कासहित	3
छतको	3
छपाइको	3
छभने	3
छलीको	3
छाएको	3
छाडिएको	3
छाडेपछि	3
छात्र	3
छात्रवृत्तिको	3
छात्राका	3
छात्रावासमा	3
छानामुनि	3
छानेको	3
छानेर	3
छान्ने	3
छापाको	3
छाप्न	3
छायांकन	3
छिङदाओमा	3
छिन्दर	3
छिमेकीहरूलाई	3
छुटको	3
छुटाउन	3
छोडेकी	3
छोराछोरी	3
छोराछोरीलाई	3
छोराहरू	3
छोरीले	3
जंक्शन	3
जंगपुरा	3
जग	3
जगतबहादुर	3
जगताप	3
जगाउने	3
जग्गालाई	3
जडानका	3
जतिन	3
जतिसुकै	3
जथाभावी	3
जनतांत्रिक	3
जनप्रतिनिधिको	3
जनवरीसम्ममा	3
जनशक्तिलाई	3
जनसङ्ख्याको	3
जनसभालाई	3
जनाइसकेको	3
जनामा	3
जनासँग	3
जन्मदिन	3
जन्मभूमि	3
जन्मस्थल	3
जन्मिएको	3
जफरले	3
जबरजस्ती	3
जमीनी	3
जमैकामा	3
जम्मु	3
जयन्त	3
जयपुरको	3
जयपुरमा	3
जयश्री	3
जयश्रीले	3
जरा	3
जलमार्ग	3
जलाउने	3
जवाफको	3
जवाब	3
जशोदा	3
जसकरण	3
जसपछि	3
जसपाको	3
जसबाट	3
जाँचबुझ	3
जाइकाको	3
जाएंगे	3
जागाडेले	3
जाडोको	3
जाडोबाट	3
जातजातिको	3
जातिको	3
जानकी	3
जानबूझकर	3
जाना	3
जानीलाई	3
जानुको	3
जानुभएको	3
जापानलाई	3
जापानसँग	3
जामनगरस्थित	3
जायद	3
जायन्ट्सलाई	3
जायन्ट्सले	3
जालन्धर	3
जालसाजहरूले	3
जालसाजीको	3
जालसाजीपूर्ण	3
जावेद	3
जासुस	3
जासुसी	3
जाहेरीमा	3
जिकिर	3
जिज्ञासामा	3
जितेमा	3
जिनले	3
जिन्दाबाद	3
जिप	3
जिमखाना	3
जिम्बावे	3
जिम्बावेको	3
जिम्मेवारीका	3
जिल्लाहरूबाट	3
जिसस	3
जिसीलाई	3
जिसे	3
जीएनसीटीडी	3
जीपीएस	3
जीपीपीएल	3
जीर्णोद्धारका	3
जीर्णोद्धारको	3
जीवनबाट	3
जीवनशैलीमा	3
जीविकोपार्जन	3
जीविकोपार्जनको	3
जीशान	3
जुटाउन	3
जुटाउने	3
जुम	3
जुवा	3
जुवाइदीलाई	3
जेएचएसएस	3
जेएनपीएले	3
जेटी	3
जेठा	3
जेडको	3
जेन	3
जेनी	3
जेनेभास्थित	3
जेरो	3
जेलका	3
जैनको	3
जैनलाई	3
जोकर	3
जोखिमयुक्त	3
जोगबहादुर	3
जोगिन	3
जोडदार	3
जोडिन	3
जोडिने	3
जोडिन्	3
जोडिन्छ	3
जोनको	3
जोनस	3
जोफ्रा	3
जोय	3
जोर्डनका	3
ज्याकेट	3
ज्याक्सन	3
ज्यादतीको	3
ज्यापू	3
ज्यालाको	3
ज्वाइन्ट	3
झडपका	3
झम्सिखेल	3
झर्ने	3
झल्कने	3
झाका	3
झापाबाट	3
झारेका	3
झार्ने	3
झिक्ने	3
झुकाव	3
झुग्गी	3
झुण्ड	3
झुलाघाट	3
झुलाघाटबाट	3
झ्यालबाट	3
टकराव	3
टर्कीबाट	3
टर्न	3
टर्मिनलमा	3
टर्मिनेसन	3
टाइटन्सले	3
टाइप	3
टाइब्रेकरमा	3
टाइम्सले	3
टाढाका	3
टाढै	3
टापु	3
टिकटहरू	3
टिचर्स	3
टिनको	3
टिप्पणीले	3
टिभिएस	3
टिम्बर	3
टिम्स	3
टीएमसीसँग	3
टीएस	3
टीयूई	3
टुङ्गिने	3
टुप्पोमा	3
टुब्रो	3
टुमा	3
टुरिजम	3
टेकचन्दानी	3
टेकबहादुर	3
टेकु	3
टेकेर	3
टेक्सटाइल	3
टेनेंसी	3
टेन्डरमा	3
टेबल	3
टेबलमा	3
टेम्पल	3
टेरेनले	3
टेल	3
टेलिफोनमा	3
टेलिभिजनमा	3
टेलिभिजनले	3
टेवा	3
टोकियोका	3
टोकियोको	3
टोनी	3
टोलीबीच	3
टोलीसँगको	3
टोलीहरूको	3
ट्यांक	3
ट्याक्सीलाई	3
ट्याटू	3
ट्रकमा	3
ट्रम्पलाई	3
ट्रम्पसँग	3
ट्रयाकको	3
ट्रस्टका	3
ट्रान्समिसन	3
ट्राफिकको	3
ट्राफिकलाई	3
ट्रेडर्स	3
ट्रेन्ड	3
ठहराएका	3
ठाकरे	3
ठाकोरले	3
ठाडो	3
ठान्छन्	3
ठेक्कामा	3
ठ्याक्कै	3
डंगोल	3
डकवर्थ	3
डकुमेन्ट्री	3
डकैती	3
डचेस	3
डडेलधुरा	3
डलरले	3
डाँगीका	3
डाक्टरसँग	3
डाक्टरहरुले	3
डाटामा	3
डाटाले	3
डान	3
डायग्नोस्टिक	3
डार्क	3
डिगबहादुर	3
डिजाइनरको	3
डिजाइनले	3
डिजाइनहरू	3
डिजे	3
डिन	3
डिपार्टमेन्टका	3
डिपिएल	3
डिप्लो	3
डिम्बग्रंथिको	3
डिलरले	3
डिलाराम	3
डिल्लीबहादुर	3
डिसअर्डर	3
डिसी	3
डिसीमा	3
डिसीले	3
डिसेम्बरको	3
डिसेम्बरदेखि	3
डिसेम्बरसम्म	3
डीजीएमएस	3
डीडीएका	3
डीन	3
डीपीआर	3
डुङ्गाहरूको	3
डुप्लिकेसन	3
डुब्ने	3
डू	3
डेनमार्क	3
डेनमार्कको	3
डेन्टल	3
डेपुटेशनको	3
डेभलपरले	3
डेमो	3
डेमोक्रेटिक	3
डेरिभेटिभ्सबाट	3
डेलिभरीका	3
डेल्टा	3
डेस्कमा	3
डोजर	3
डोटी	3
डोभालसँग	3
डोमेन	3
डोम्बिवली	3
डोलप्रसाद	3
डोल्पा	3
डोल्पाको	3
डोल्मा	3
ड्याडी	3
ड्रग	3
ड्रग्स	3
ड्रमा	3
ड्रमार्फत	3
ड्राइभको	3
ड्रामा	3
ड्रेन	3
ड्रेसिङ	3
ढलेको	3
ढाकिएका	3
ढाक्ने	3
ढिक्का	3
ढुवानीका	3
तडवी	3
तत्वको	3
तत्वावधानमा	3
तथ्याङ्कका	3
तथ्याङ्कलाई	3
तनावका	3
तपन	3
तपाईँको	3
तपाईंका	3
तबसम्म	3
तमिलनाडुमा	3
तरलताको	3
तर्कको	3
तलको	3
तलबको	3
तले	3
तलोजामा	3
तल्लीन	3
तस्वीरहरू	3
तहबाट	3
तहसिलदारको	3
ताजिकिस्तानको	3
ताजिकिस्तानसँग	3
तानसेन	3
तान्जानियाको	3
तान्जानियासँग	3
तापमानमा	3
ताप्लेजुङ	3
ताप्लेजुङको	3
ताम्राकारको	3
ताराखोला	3
तारागाउँ	3
तारीख	3
तालिममा	3
तिघ्रामा	3
तितरबितर	3
तिब्बतको	3
तिमोर	3
तिरुप्पुर	3
तिरेपछि	3
तिर्नेछ	3
तिल	3
तिलोत्तमा	3
तिहाइ	3
तिहाड	3
तिहारका	3
तीनतारे	3
तीनमध्ये	3
तुच्छ	3
तुम्बापो	3
तुम्लिङटार	3
तुले	3
तुल्याउने	3
तुल्सीपुर	3
तेक्वान्दोका	3
तेक्वान्दोमा	3
तेलंगानाका	3
तेललाई	3
तेस्रोलिंगीका	3
तेस्रोलिंगीलाई	3
तैनात	3
तोकिएकै	3
तोला	3
त्यतिबेलासम्म	3
त्यसबारे	3
त्यसबाहेक	3
त्यसभन्दा	3
त्यसैको	3
त्यहीं	3
त्यहीअनुसार	3
त्यागेर	3
त्रास	3
त्रियुगा	3
त्रिवेदीले	3
त्रैमासमा	3
त्रैमासिकको	3
थपिएसँगै	3
थपेका	3
थपेर	3
थप्छिन्	3
थर्मल	3
थलो	3
थाँती	3
थाइ	3
थाइल्याण्डसँग	3
थानकोट	3
थाना	3
थानी	3
थारू	3
थालिसकेका	3
थालिसकेको	3
थाल्छ	3
थिएटरको	3
थीं	3
थोकर	3
थोमसले	3
थ्रिलर	3
थ्रोन्स	3
दंगाललाई	3
दक्षिणकाली	3
दण्डनीय	3
दत्त	3
दत्तले	3
दबाउन	3
दम	3
दमाममा	3
दम्पतीलाई	3
दयानन्द	3
दयालले	3
दरको	3
दरलाई	3
दर्पण	3
दर्शकबाट	3
दर्शकमाथि	3
दर्शकलाई	3
दर्शकहरू	3
दर्शनको	3
दलहरुले	3
दशकअघि	3
दशैँमा	3
दशौं	3
दस्ता	3
दस्तावेजीकरण	3
दही	3
दाँत	3
दाजुभाइ	3
दाता	3
दाभाडेले	3
दामोदर	3
दायराभित्र	3
दार्शनिक	3
दासले	3
दासानायके	3
दाहालबीच	3
दाहालभन्दा	3
दाहोद	3
दिँदैनन्	3
दिइएका	3
दिइसकेका	3
दिग्विजय	3
दिनभरि	3
दिनलाई	3
दिनहरू	3
दिनाजपुर	3
दिनुअघि	3
दिनुहुनेछ	3
दिनेछु	3
दिन्छिन्	3
दिमाग	3
दिलिप	3
दिल्लीविरुद्ध	3
दिवाकरले	3
दिवाली	3
दिवासेले	3
दिशानिर्देशअनुसार	3
दिशानिर्देशहरूको	3
दीपिकाले	3
दीर्घायु	3
दुखाइको	3
दुखेपछि	3
दुर्गाराज	3
दुर्गेश	3
दुर्घटनाग्रस्त	3
दुर्लभकुमार	3
दुर्व्यवहारको	3
दुलालले	3
दुवाडी	3
दुवैबाट	3
दुव्र्यवहारका	3
दूतावासलाई	3
दूरदर्शी	3
दृढ	3
दृष्टिले	3
देउवाबीच	3
देउसी	3
देखाउ	3
देखाउनका	3
देखाएअनुसार	3
देखिए	3
देखिनेछन्	3
देखिन्छिन्	3
देखियो	3
देख्दा	3
देते	3
देने	3
देवकोटाले	3
देवता	3
देवलंकरले	3
देवीले	3
देशभरबाट	3
देशभरिका	3
देशभित्र	3
देशहरूको	3
देशीय	3
देसाईका	3
दैनिकका	3
दैलेख	3
दोर्जीले	3
दोलखाका	3
दोषीहरूलाई	3
दोषीहरूले	3
दोहन	3
दोहला	3
दौडको	3
दौडने	3
दौडिरहेका	3
द्रौपदी	3
द्वार	3
धकेल्ने	3
धनकुटा	3
धनगढीमाई	3
धनपति	3
धनियाँ	3
धमला	3
धराशायी	3
धर्मसुन्दर	3
धवन	3
धवनको	3
धातुको	3
धादिङका	3
धाम	3
धारावीका	3
धीरजप्रताप	3
धुरीको	3
धुरीमा	3
धुवाँ	3
धुवाँको	3
धूलो	3
धेरैको	3
धोखाधडीको	3
नआउने	3
नए	3
नक्कल	3
नगदमा	3
नगरपालिकाकी	3
नगरस्थित	3
नछाड्न	3
नजरअन्दाज	3
नजरबन्दमा	3
नजरमा	3
नजिकिएसँगै	3
नट	3
नटिकल	3
नडराउन	3
नड्डाबीच	3
नड्डाले	3
नड्डासँग	3
नतिजाका	3
नतिजामा	3
नतिरेमा	3
नदिँदा	3
नदिइएको	3
नदीहरू	3
ननिस्केको	3
नन्दबहादुर	3
नपठाउने	3
नपाएर	3
नपार्ने	3
नपुगेको	3
नबढाउन	3
नबनाउन	3
नबुझाउने	3
नमिलाउने	3
नमूनाहरू	3
नम्बरबाट	3
नम्र	3
नरहने	3
नराखेको	3
नराख्न	3
नरेन्द्रपुर	3
नर्वेजियन	3
नर्सहरूलाई	3
नलड्ने	3
नवयुग	3
नवलपरासीको	3
नवसारी	3
नवीनता	3
नवीनताको	3
नसक्नु	3
नहकुल	3
नाइके	3
नाइजेरियाका	3
नाइट्स	3
नाइन	3
नाकाहुँदै	3
नागपाल	3
नागरिकमा	3
नागरिकमाथि	3
नागरिकहरू	3
नागेन्द्र	3
नातेदारलाई	3
नातेदारहरू	3
नाथ	3
नाथन	3
नापी	3
नाबालक	3
नामसारी	3
नामाकरणका	3
नामाकरणको	3
नामाङ्कित	3
नामिबियाका	3
नायकले	3
नायरले	3
नारद	3
नारायणले	3
नारायणी	3
नास्डेकमा	3
निकुञ्ज	3
निकुञ्जका	3
निकोबार	3
निकोला	3
निगमकी	3
निजको	3
नितिशले	3
नितेश	3
नित्यानन्द	3
निद्रा	3
निधनपछि	3
निनोको	3
निभाउने	3
निम्त्याउँछ	3
नियन्त्रकको	3
नियन्त्रित	3
नियमनकारी	3
नियमावलीको	3
नियुक्तिमा	3
नियुक्तिलाई	3
नियुक्तिविरुद्ध	3
नियुक्तिसम्बन्धी	3
नियोगका	3
निरन्तरको	3
निराधार	3
निरीक्षकको	3
निरीक्षकले	3
निरीक्षणका	3
निर्णयबाट	3
निर्णयहरू	3
निर्णयार्थ	3
निर्देश	3
निर्भय	3
निर्माणलाई	3
निर्माणहरू	3
निर्माताको	3
निर्माताले	3
निर्वाचनबाट	3
निर्वाचनले	3
निर्वासित	3
निलम्बनको	3
निष्कर्षका	3
निष्कर्षले	3
निष्पक्षता	3
निस्केर	3
निहित	3
नीतिलाई	3
नील	3
नुवाकोट	3
नुवाकोटका	3
नृपबहादुर	3
नेकपाले	3
नेचर	3
नेटफ्लिक्स	3
नेताविरुद्ध	3
नेताहरुबीच	3
नेत्रप्रसाद	3
नेत्रबहादुर	3
नेदरल्याण्ड्सको	3
नेदरल्याण्ड्सविरुद्ध	3
नेदरल्यान्ड्सको	3
नेपालपे	3
नेपालविरुद्ध	3
नेपालविरुद्धको	3
नेपालीसहित	3
नेबको	3
नेबलाई	3
नेबले	3
नेमकिपा	3
नेल	3
नेहाको	3
नैतिकता	3
नैतिकतामा	3
नोआ	3
नोना	3
नोभेम्बरसम्ममा	3
नोयडामा	3
नौवटा	3
नौसेना	3
न्यायाधीशहरूको	3
न्यायालयमा	3
न्यायोचित	3
न्युजिल्यान्डलाई	3
न्यूज	3
न्यूजर्सीको	3
न्यूरोड	3
पंचायतको	3
पंजाब	3
पक्षद्वारा	3
पक्षबारे	3
पक्षसँग	3
पक्षहरूमा	3
पक्षहरूलाई	3
पछिका	3
पछ्याइरहेका	3
पछ्याउन	3
पछ्याउनेछ	3
पञ्चदेवल	3
पञ्चाङ्ग	3
पञ्चेश्वर	3
पटकसम्म	3
पट्टाली	3
पट्टिका	3
पठाइँदैछ	3
पठाइएका	3
पठाइने	3
पठाउनुपर्ने	3
पठाएकी	3
पठाओका	3
पठाओले	3
पढाउने	3
पढेका	3
पतञ्जली	3
पत्थरको	3
पत्नीले	3
पत्रका	3
पत्रकारिता	3
पत्रले	3
पत्राचारपछि	3
पत्रिकाको	3
पदयात्रा	3
पदाधिकारीहरूको	3
पदाधिकारीहरूसँग	3
पद्म	3
पन्थीले	3
पपुलिस्ट	3
पम्पमा	3
पम्पले	3
परगनाको	3
परमजीत	3
परमादेश	3
परमारले	3
परमेश्वरको	3
परमेश्वरले	3
परशुरामको	3
पराउँछन्	3
पराली	3
परिदृश्य	3
परिधिमा	3
परियारको	3
परियोजनाहरूमा	3
परिवर्तनकारी	3
परिवर्तनमा	3
परिवारबाट	3
परिवारहरूले	3
परिवेशमा	3
परिषदको	3
परिषद्लाई	3
परिसङ्घले	3
परीक्षक	3
परीक्षणले	3
परीक्षार्थी	3
परीक्षार्थीले	3
परेकाले	3
परेडमा	3
पर्ख	3
पर्खनुपर्ने	3
पर्थ्यो	3
पर्पस	3
पर्यटकस्तरीय	3
पर्यटकहरूलाई	3
पर्यटनको	3
पर्यटनमा	3
पर्यवेक्षण	3
पर्वतारोहण	3
पर्वमा	3
पर्वलाई	3
पर्सनालिटी	3
पल	3
पलायन	3
पल्लादममा	3
पवारकी	3
पहचान	3
पहलहरूमा	3
पहिरनमा	3
पहिरोमा	3
पहिरोले	3
पहिला	3
पहुँचका	3
पहुँचमा	3
पहुंची	3
पहुंचे	3
पाँचखाल	3
पाँचथर	3
पाँचबुँदे	3
पाँचवटै	3
पाइने	3
पाइपलाइनलाई	3
पाइलटले	3
पाउण्ड	3
पाउन्ड	3
पाऊन्	3
पाक	3
पाकिस्तानविरुद्ध	3
पाख्रिन	3
पाटनकरले	3
पाटीदारले	3
पाठ्यक्रमहरूमा	3
पाठ्यपुस्तकमा	3
पाण्ड्या	3
पातलो	3
पात्र	3
पात्रको	3
पानीजहाज	3
पायने	3
पारदर्शिताको	3
पारवहन	3
पारसी	3
पारिश्रमिकमा	3
पारो	3
पार्किङमा	3
पार्कीले	3
पार्टीहरू	3
पार्टीहरूको	3
पार्टीहरूलाई	3
पार्थ	3
पार्नुभएको	3
पार्नुहोस्	3
पार्वती	3
पार्षदहरू	3
पार्षदहरूले	3
पार्सलको	3
पालघर	3
पालैपालो	3
पासलाई	3
पाहुना	3
पिआरआईए	3
पिउने	3
पिएनजीलाई	3
पिएसएल	3
पिकार्डको	3
पिछडिएको	3
पिताले	3
पिपुलमा	3
पिसाबनलीको	3
पीएनजी	3
पीएमएफबीवाईबाट	3
पीएमएलए	3
पीएसी	3
पीजीआईमा	3
पीपीएस	3
पीसीएमसीको	3
पुग्छन्	3
पुग्दैन	3
पुग्नुभएका	3
पुडासैनीले	3
पुतलीबजार	3
पुनःस्थापित	3
पुनम	3
पुनरावेदन	3
पुनर्बहाली	3
पुनर्मिलन	3
पुनर्वास	3
पुनर्संरचना	3
पुनर्स्थापना	3
पुरस्कारबाट	3
पुरा	3
पुरातन	3
पुरुषहरूको	3
पुरोहित	3
पुर्याउन	3
पुलवामा	3
पुलहरू	3
पुल्चोकस्थित	3
पुष्कर	3
पुसमा	3
पुस्तकको	3
पुस्तकहरूको	3
पुस्तकालयमा	3
पुस्ताले	3
पुस्तिकामा	3
पूजाले	3
पूरे	3
पूर्वक्रिकेटर	3
पूर्वन्यायाधीशको	3
पूर्वपतिले	3
पूर्वमहामन्त्री	3
पूर्वराजदूत	3
पूर्वाधारमा	3
पूर्वाधारलाई	3
पूर्वानुमानमा	3
पूल	3
पृथ्वीमा	3
पृथ्वीराज	3
पृष्ठ	3
पृष्ठभूमिका	3
पृष्ठभूमिलाई	3
पृष्ठलामो	3
पेजेन्ट	3
पेट	3
पेनाल्टीलाई	3
पेन्डिङ	3
पेपर	3
पेभिलियन	3
पेरिफेरल	3
पेरिसडाँडा	3
पेरिसमा	3
पेरीले	3
पेलेको	3
पेशा	3
पेशेवर	3
पेशेवरहरू	3
पेसामा	3
पॉप	3
पोइन्ट	3
पोक्सो	3
पोखरी	3
पोज	3
पोटास	3
पोथी	3
पोरबन्दर	3
पोर्चुगल	3
पोर्चुगललाई	3
पोर्चुगलले	3
पोर्न	3
पोलार्डले	3
पोषक	3
पोस्टको	3
पोस्टमार्टम	3
पोस्टरमा	3
पौडीबाज	3
पौडीमा	3
पौडेललगायत	3
पौड्याल	3
पौड्याललाई	3
प्याक	3
प्याकेजिङ	3
प्याक्ट	3
प्याट्रिक	3
प्याट्रियट्सलाई	3
प्याट्रियट्सले	3
प्यार	3
प्याराग्लाइडिङमा	3
प्रकरणका	3
प्रकाशक	3
प्रकाशको	3
प्रकाशमान	3
प्रकाशले	3
प्रकृतिलाई	3
प्रक्रियाअनुसार	3
प्रक्रियागत	3
प्रक्रियाले	3
प्रक्षेपणभन्दा	3
प्रक्षेपित	3
प्रगतिका	3
प्रचलनमा	3
प्रचारक	3
प्रजातान्त्रिक	3
प्रजातिहरूको	3
प्रणालीअनुसार	3
प्रणालीप्रति	3
प्रणालीहरूको	3
प्रतापबाबु	3
प्रतिक	3
प्रतिकार्यका	3
प्रतिकृति	3
प्रतिक्रियाले	3
प्रतिटिकट	3
प्रतिद्वन्द्वीलाई	3
प्रतिध्वनित	3
प्रतिनिधिसभालाई	3
प्रतिपक्षको	3
प्रतिबन्धलाई	3
प्रतिबन्धले	3
प्रतिभाशाली	3
प्रतियोगितालाई	3
प्रतिरोध	3
प्रतिरोधी	3
प्रतिष्ठानलाई	3
प्रतिष्ठानहरू	3
प्रतिष्ठामा	3
प्रतीक्षा	3
प्रत्यक्षीकरणको	3
प्रत्येकलाई	3
प्रथमेश	3
प्रदर्शनले	3
प्रदायकहरूलाई	3
प्रदूषणबाट	3
प्रद्युम्न	3
प्रधानन्यायाधीशको	3
प्रधानन्यायाधीशमा	3
प्रधानमन्त्रीबाट	3
प्रभाकरलाई	3
प्रभात	3
प्रभावबाट	3
प्रभावबारे	3
प्रमाणहरू	3
प्रमाणीकरणको	3
प्रमुखसँग	3
प्रमुखहरूले	3
प्रयासबाट	3
प्रयासले	3
प्रयोगकर्ताका	3
प्रयोगकर्तालाई	3
प्रयोगकर्ताहरूका	3
प्रयोगकर्ताहरूले	3
प्रयोगले	3
प्रयोगविहीन	3
प्रवद्र्धक	3
प्रवर्तनको	3
प्रवर्द्धन	3
प्रवाहको	3
प्रवाहलाई	3
प्रविधिले	3
प्रविधिसँग	3
प्रविधिहरूको	3
प्रवृत्तिको	3
प्रवेशको	3
प्रवेशविन्दु	3
प्रशंसापत्र	3
प्रशारण	3
प्रशासकको	3
प्रशासकीय	3
प्रशोधित	3
प्रश्नकालको	3
प्रश्नपत्र	3
प्रश्नपत्रको	3
प्रश्नलाई	3
प्रश्नावलीको	3
प्रसन्ना	3
प्रसाईं	3
प्रसिद्धि	3
प्रस्तावअनुसार	3
प्रस्तावक	3
प्रस्तावमाथिको	3
प्रहरीबीच	3
प्रहरीमाथि	3
प्रहरीविरुद्ध	3
प्रहरीसँगको	3
प्राइसले	3
प्राङ्गणमा	3
प्राण	3
प्राथमिकताको	3
प्राधिकरणमा	3
प्रान्तको	3
प्राप्तिका	3
प्रामाणिक	3
प्रायोजक	3
प्रारम्भ	3
प्रावधानअनुसार	3
प्रिजुडिस	3
प्रितमले	3
प्रिन्टआउट	3
प्रिन्सिपल	3
प्रिन्सिपलको	3
प्रिस्क्रिप्शन	3
प्रीति	3
प्रीमियर	3
प्रेरणादायी	3
प्रेसर	3
प्रेसिडेन्ट	3
प्रोक्योरमेन्ट	3
प्रोफेसनल	3
प्लानिङ	3
प्लान्टमा	3
प्लान्टलाई	3
प्लास्टिक	3
प्लेटमा	3
प्लेसमेन्ट	3
फतेहगढ	3
फरिदकोट	3
फर्काए	3
फर्काएपछि	3
फर्कायो	3
फर्केको	3
फर्केर	3
फलफूलका	3
फलहरू	3
फलामको	3
फलामखानी	3
फलेको	3
फसाइएको	3
फहराएर	3
फाइट	3
फाइदाजनक	3
फाइनान्सियल	3
फाइबरमा	3
फाइलहरू	3
फादर्स	3
फारुख	3
फार्महाउसमा	3
फार्मेसी	3
फाल्ने	3
फिगरको	3
फिचर	3
फिटभन्दा	3
फिदिम	3
फिनटेक	3
फिलहारमोनिक	3
फिलिपको	3
फिलिपिन्ससँग	3
फिल्म्सले	3
फिसबर्नले	3
फुटपाथ	3
फुटपाथहरू	3
फुटबलप्रतियोगिताको	3
फुटेजका	3
फुटेजको	3
फुले	3
फूलका	3
फूलमाला	3
फेदमा	3
फेयर	3
फेस	3
फेसबुकमार्फत	3
फेसबुकले	3
फेस्टिभलमा	3
फैज	3
फैलाउने	3
फैलियो	3
फैसलाअनुसार	3
फैसलापछि	3
फॉर्च्यून	3
फोटोग्राफरले	3
फोटोग्राफी	3
फोटोहरू	3
फोनलाई	3
फोरम	3
फोरममा	3
फोरमेरिकल	3
फ्याक्ट्री	3
फ्याक्ट्रीमा	3
फ्यानहरु	3
फ्रान्सलाई	3
फ्रिक्वेन्सीमा	3
फ्रेन्चाइजमा	3
फ्रेमवर्क	3
फ्रैंक	3
फ्लाइंग	3
फ्लाइओभरको	3
फ्लाई	3
फ्लीटको	3
फ्लु	3
फ्ल्याटका	3
बंगला	3
बंगाली	3
बंद	3
बकरपुर	3
बकला	3
बकी	3
बक्सिङको	3
बगिरहेको	3
बगैँचा	3
बगैँचामा	3
बगैंचाहरू	3
बगैंचाहरूको	3
बङ्गलादेशबीच	3
बङ्गलादेशमा	3
बङ्गालले	3
बचेकी	3
बच्नु	3
बच्ने	3
बजाउने	3
बजिरहेको	3
बजेटअनुसार	3
बजेटमध्ये	3
बजेपछि	3
बजेसम्मको	3
बझाङको	3
बटन	3
बटलरको	3
बडादशैँको	3
बडू	3
बडोदासँग	3
बढ़कर	3
बढाइनेछ	3
बढाइरहेको	3
बढाउनु	3
बढाउनुपर्छ	3
बढीभन्दा	3
बढीमूल्यका	3
बढे	3
बढ्दा	3
बताउँछिन्	3
बताउनेछ	3
बताएनन्	3
बदाम	3
बदायूं	3
बनर्जी	3
बनाउनुपर्नेमा	3
बनाउनेमा	3
बनाएकाले	3
बनाएकोमा	3
बनायौं	3
बनासकांठामा	3
बन्छ	3
बन्डल	3
बन्दरगाहले	3
बन्दाबन्दी	3
बन्दुकदेखाएर	3
बन्दुकसम्बन्धी	3
बन्धक	3
बमले	3
बयानअनुसार	3
बयानहरू	3
बराक	3
बराल	3
बर्खास्तीको	3
बर्तौला	3
बर्तौलाका	3
बर्दिवास	3
बर्धमान	3
बलरको	3
बलरलाई	3
बलरामपुर	3
बलानका	3
बलिउडकी	3
बलिङको	3
बलिङमा	3
बलिदान	3
बलुआ	3
बल्खु	3
बसले	3
बसहरूले	3
बसाइका	3
बसेपछि	3
बस्नको	3
बस्नुभन्दा	3
बस्नेछन्	3
बस्नेहरूलाई	3
बहसका	3
बहसको	3
बहुमतका	3
बा	3
बाँकेको	3
बाँचिरहेका	3
बाँचेका	3
बाँडफाँडवार्ता	3
बाँडेर	3
बाँधिएको	3
बाँसको	3
बाँसबारी	3
बागमती	3
बाघ	3
बाटोमै	3
बाथरुममा	3
बाधाहरू	3
बाध्यकारी	3
बानी	3
बापा	3
बापुगौडा	3
बाबरियाले	3
बाबरी	3
बाबासाहेब	3
बाबु	3
बायुमास	3
बाराक	3
बारी	3
बार्सिलोनाले	3
बालकोट	3
बालगोपालले	3
बालबालिकामध्ये	3
बालिकाका	3
बालीनालीमा	3
बालूको	3
बालेनलाई	3
बालेनले	3
बालेन्द्र	3
बाल्यकालदेखि	3
बासिन्दाहरूसँग	3
बासेल	3
बास्कोटा	3
बाहुबली	3
बाह्रबिसे	3
बिक्रीलाई	3
बिग्रँदो	3
बिग्रिएपछि	3
बिग्रियो	3
बिच	3
बिचौलिया	3
बिचौलियाको	3
बिताउँछौं	3
बिताए	3
बिथोल्ने	3
बिदाका	3
बिन्दुले	3
बिन्दुहरू	3
बिबरले	3
बिभव	3
बिमान	3
बियानीले	3
बिराटनगर	3
बिरामीहरूले	3
बिलाल	3
बिल्कुल	3
बिल्डिङ	3
बिसरख	3
बिसिक्लेटा	3
बिसिसिआई	3
बिसिसिआईले	3
बिस्कुट	3
बिहानसम्म	3
बिहार	3
बिहारका	3
बिहीवार	3
बीआरएसका	3
बीउले	3
बीएनएस	3
बीएसईएस	3
बीचैमा	3
बीबीएमपी	3
बीमाशुल्क	3
बीरभूम	3
बुँदा	3
बुझाउँछ	3
बुझ्दै	3
बुझ्नुपर्छ	3
बुटवलको	3
बुटवलमा	3
बुढामगर	3
बुद्धको	3
बुद्धिजीवी	3
बुद्रुक	3
बुल	3
बुवा	3
बृहत	3
बेँसीशहर	3
बेंगलोर	3
बेकह्याम	3
बेचबिखन	3
बेचबिखनको	3
बेड	3
बेडा	3
बेनामी	3
बेनी	3
बेलायतबाट	3
बेल्टको	3
बेल्टमा	3
बेष्ट	3
बेसिन	3
बेहोरेका	3
बेहोर्दै	3
बेहोर्न	3
बैंककस्थित	3
बैंकनोट	3
बैंकबाहेक	3
बैंकमार्फत	3
बैंकहरु	3
बैंकहरुमा	3
बैठकहरू	3
बॉन्ड	3
बोएगाले	3
बोगटी	3
बोगी	3
बोटबिरुवाहरू	3
बोन्डको	3
बोर्डसँग	3
बोलपत्रमा	3
बोलमपट्टी	3
बोलाए	3
बोलेका	3
बोल्दा	3
बोसो	3
बोहोराको	3
बौडा	3
बौडाका	3
ब्याक्टेरिया	3
ब्याजदरका	3
ब्यूटी	3
ब्यूरोको	3
ब्रजेश	3
ब्राउनको	3
ब्राजिलको	3
ब्राजिलले	3
ब्रान्ड्ट	3
ब्रिज	3
ब्रिफिङ	3
ब्रिफिङमा	3
ब्रुअरीले	3
ब्रुनो	3
ब्रुमर	3
ब्रूनो	3
ब्रेकर	3
ब्रेथवेट	3
ब्रोकरका	3
ब्रोडकास्टिङ	3
ब्रोडब्याण्ड	3
ब्लड	3
ब्लेक	3
ब्लेयरले	3
भएअनुसार	3
भएकाहरूले	3
भएकोथियो	3
भएलगत्तै	3
भक्तजनलाई	3
भगवंत	3
भगवद्गीता	3
भगवन्त	3
भगवान्	3
भग्नावशेष	3
भट्टराईलाई	3
भड्काउ	3
भण्डारा	3
भण्डारीसमक्ष	3
भत्काइएका	3
भत्काइने	3
भत्काएर	3
भद्रपुर	3
भद्रा	3
भनेँ	3
भन्छौं	3
भन्नुहुन्थ्यो	3
भन्सारका	3
भन्सारमा	3
भरूच	3
भरेको	3
भरोसा	3
भर्नाको	3
भर्नु	3
भर्नेछ	3
भवनहरूको	3
भवनहरूमा	3
भवानी	3
भवानीप्रसाद	3
भविष्यका	3
भविष्यबारे	3
भविष्यमै	3
भाइटीकाका	3
भाइटीकाको	3
भागिरहेको	3
भागेर	3
भाग्य	3
भाटभटेनी	3
भानु	3
भानुभक्त	3
भान्सा	3
भान्सामा	3
भारतबाहेक	3
भारतीयको	3
भारतीयहरू	3
भारुमध्ये	3
भारोत्तोलन	3
भाषाभाषी	3
भिएआर	3
भिएमसीका	3
भिएमसीको	3
भिजन	3
भिजीजीएसको	3
भिडियोग्राफर	3
भिड्दैछन्	3
भिड्नेछन्	3
भिन्सेन्ट	3
भियतनामका	3
भिल्ला	3
भिवानी	3
भिसाका	3
भीजीजीएसको	3
भीडभाडका	3
भीडभाडमा	3
भीमदत्त	3
भीमराव	3
भुक्तानीमा	3
भुगतान	3
भुर्तेलको	3
भुवनकुमार	3
भुसालका	3
भुसाललाई	3
भूकम्पको	3
भूगर्भ	3
भूषण	3
भृकुटीमण्डपस्थित	3
भेटको	3
भेटिएपछि	3
भेटे	3
भेटेपछि	3
भेट्टाउन	3
भेलालाई	3
भेलाले	3
भैरहवामा	3
भैरों	3
भोकमरी	3
भोगेको	3
भोग्न	3
भोग्नुपरेका	3
भोग्नुपर्छ	3
भोटेकोशी	3
भोलिसम्म	3
भौचा	3
भ्यालेन्टाइन	3
भ्रमणअघि	3
भ्रमणकारी	3
भ्रमणपछि	3
भ्रूण	3
मंगेतर	3
मंगोलिया	3
मकरंद	3
मकवानपुरका	3
मकोका	3
मगैयाले	3
मङ्गलबारको	3
मङ्गुले	3
मच्छिन्द्र	3
मजदुरको	3
मजदूर	3
मजबूत	3
मड्रिडले	3
मण्डलले	3
मण्डी	3
मतदाताका	3
मताधिकार	3
मताधिकारको	3
मत्स्य	3
मदत	3
मदनसुन्दर	3
मदर	3
मदिराको	3
मदुक्कराई	3
मधु	3
मधुकुमार	3
मधुमेहको	3
मधुसुदन	3
मध्यदेखि	3
मध्यपुर	3
मध्यपूर्वका	3
मध्यसम्ममा	3
मध्यावधि	3
मध्येको	3
मनको	3
मनप्रीत	3
मनमा	3
मनसायबारे	3
मनसुनी	3
मनाइन्छ	3
मनाङमा	3
मनास्लु	3
मनीष	3
मनोजले	3
मनोनयनपत्र	3
मनोबलका	3
मन्ड्याका	3
मन्त्रालयगत	3
मन्त्रालयमातहतको	3
मन्त्रिमण्डल	3
मन्त्रीहरुलाई	3
मन्सुरलाई	3
मन्सुरले	3
मयूर	3
मर्कामा	3
मर्मतसम्भारका	3
मर्मतसम्भारको	3
मलखादको	3
मलाइका	3
मलिकलाई	3
मलेरकोटला	3
मलेसियाबीच	3
मलेसियाली	3
मल्टिपल	3
मल्होत्रा	3
मल्होत्रासमक्ष	3
मसिहलाई	3
मसीहको	3
मसौदा	3
मस्तिष्कको	3
महत्वमा	3
महत्वलाई	3
महर्जनलाई	3
महलमा	3
महागठबन्धन	3
महादेव	3
महाधिवक्ता	3
महानगरका	3
महानगरपालिकाकी	3
महानगरमा	3
महानिदेशक	3
महानिर्देशकको	3
महापाल	3
महाभारतमा	3
महायुति	3
महाराज	3
महाराजगञ्जस्थित	3
महाराजा	3
महावाणिज्यदूत	3
महाशाखाको	3
महासचिवका	3
महासचिवपदबाट	3
महिन्द्राले	3
महिमामण्डन	3
महिलामा	3
महिलाहरूका	3
महेन्द्रनगर	3
महेशकुमार	3
महेशप्रसाद	3
माइकलको	3
माइक्रोफाइनान्स	3
माइलस्टोनहरू	3
मागिरहेको	3
माझी	3
मातहतको	3
मातहतमा	3
मातृभूमि	3
मात्राको	3
माथिबाट	3
मानन्धर	3
मानवताको	3
मानहानिकारक	3
मानिन्थ्यो	3
मानिसहरूमा	3
मानेका	3
मानेको	3
मानेर	3
मानेलाई	3
मान्छेले	3
मान्यताप्राप्त	3
मापदण्डमा	3
मामिलाको	3
मामिलाहरूको	3
मामूली	3
मार	3
मार्की	3
मार्गप्रशस्त	3
मालपोत	3
माल्दिभ्सबीच	3
माल्दिभ्सबीचको	3
मास्केले	3
मास्टरमाइन्ड	3
माहेर	3
मितिले	3
मित्रताको	3
मिनेटसम्म	3
मिन्टिङ	3
मिर्जापुर	3
मिलाएर	3
मिलानलाई	3
मिलिलिटरको	3
मिशेल	3
मिसनका	3
मिसनको	3
मिसेज	3
मीन	3
मीनल	3
मीरा	3
मील	3
मुंबई	3
मुख	3
मुखर्जीले	3
मुख्यमंत्री	3
मुख्यमन्त्रीसमक्ष	3
मुख्यालयको	3
मुगुको	3
मुट्ठीभर	3
मुन्सेले	3
मुभ	3
मुर्गा	3
मुलुंड	3
मुलुन्ड	3
मुल्तान	3
मुल्तानमा	3
मुवा	3
मुसिकोट	3
मुस्तफा	3
मुस्लिमको	3
मूर्त	3
मूर्तिहरू	3
मूलधारको	3
मूलपानीमा	3
मूल्यवान	3
मूल्यवृद्धिको	3
मूल्यवृद्धिले	3
मूल्यहरू	3
मूल्यांकनमा	3
मृत्युमा	3
मेचीनगर	3
मेट	3
मेडल	3
मेडिसिन	3
मेन्टर	3
मेन्डीमाथि	3
मेमनले	3
मेयरपदका	3
मेराग्लियाले	3
मेरियट	3
मेलमिलाप	3
मेलम्चीमा	3
मेसिनले	3
मेसी	3
मेसीको	3
मेसीलाई	3
मैच	3
मैत्राले	3
मैदानको	3
मोटनाथ	3
मोटरसाइकलको	3
मोडालिटी	3
मोडेलहरू	3
मोदीजी	3
मोधवाडियाले	3
मोनाको	3
मोनु	3
मोनोअक्साइड	3
मोराटाले	3
मोर्गन	3
मोस्ट	3
मोहालीको	3
मोहालीमा	3
मोहालीस्थित	3
मौनता	3
मौरिसससँग	3
मौलवी	3
मौलाना	3
म्याक	3
म्यागजिनले	3
म्याचको	3
म्याड्रिडमा	3
म्यादी	3
म्यानपावर	3
म्युजियम	3
यथास्थिति	3
यथास्थितिमा	3
यद्यपी	3
यमनसँग	3
यवतमाल	3
यश	3
यशोदा	3
यहूदी	3
याइने	3
याएकोमा	3
याङले	3
यातायातलाई	3
यात्रुबाहक	3
यादवप्रति	3
यादवविरुद्ध	3
यादवसँग	3
यान्की	3
याफ्टिङ	3
यार्डमा	3
यासिनले	3
यिनै	3
युआन	3
युएन	3
युक्रेनमा	3
युक्रेनी	3
युग	3
युगमा	3
युगान्डा	3
युगान्डाको	3
युट्युबर	3
युद्धपछि	3
युनान	3
युनिटका	3
युनिटको	3
युनिटहरू	3
युनिफर्म	3
युरोपमा	3
युवकलाई	3
युवतीलाई	3
युवाहरूका	3
यूएपीए	3
यूजी	3
यूपीमा	3
यूसी	3
येरवडा	3
येरावडेकरले	3
योगदानका	3
योङ	3
योजनाओं	3
योर्क	3
रंगको	3
रंगीन	3
रकमका	3
रकमलाई	3
रगत	3
रघुवीर	3
रचेका	3
रजनी	3
रजनीकान्तको	3
रजनीश	3
रजिष्ट्रेशन	3
रञ्जन	3
रञ्जितकुमार	3
रड	3
रणनीतिहरू	3
रणबहादुर	3
रनरेटलाई	3
रबाडा	3
रमणीय	3
रमाईलो	3
रमेशकुमार	3
रविन	3
रविवार	3
रवीश	3
रश्मीकुमारी	3
रसाइलीले	3
रसायन	3
रसुवा	3
रसुवाका	3
रहनका	3
रहिआएको	3
रहिरहने	3
राइजिङ	3
राइट्स	3
राइडरशिप	3
राइनोजको	3
राख्छौं	3
राख्दछ	3
राख्दा	3
राग	3
राजकोटका	3
राजकोटबाट	3
राजगद्दी	3
राजदूतको	3
राजदूतावासमा	3
राजनीतिज्ञले	3
राजनीतिज्ञहरूले	3
राजनीतिबाट	3
राजपत्राङ्कित	3
राजभण्डारीलाई	3
राजभवन	3
राजविराजबाट	3
राजस्थानको	3
राजस्वमा	3
राजिनामाको	3
राजू	3
राजेवालका	3
राजेशमान	3
राज्यमन्त्रीमा	3
राज्यव्यापी	3
राज्यसम्बन्धी	3
राज्यहरूको	3
राज्यहरूसँग	3
राज्यों	3
राणालाई	3
रातारात	3
राधा	3
राफेल	3
रामनाथ	3
रामललाको	3
रामलाई	3
रामले	3
रामवृक्ष	3
रामहरि	3
रारा	3
रावतले	3
रावललाई	3
राष्ट्रविरुद्ध	3
राष्ट्रविरोधी	3
राष्ट्रव्यापी	3
राष्ट्रसंघका	3
राष्ट्रियसभासदस्य	3
राहतमा	3
राहदानीको	3
रिक्सा	3
रिगललाई	3
रिजनल	3
रिजेन्सी	3
रिटर्न	3
रिटेल	3
रिपब्लिकन	3
रिपब्लिका	3
रिपेयर	3
रिपोर्टर्स	3
रिपोर्टिङमा	3
रिभरगाइड	3
रिमाल	3
रियादमा	3
रिलायन्स	3
रिस	3
रिसले	3
रुचाइएको	3
रुचाएका	3
रुट्स	3
रुतुराज	3
रुद्रप्रसाद	3
रुपन्देही	3
रुपेश	3
रुपैयाँदरका	3
रुफटप	3
रुशिकेशले	3
रूखमा	3
रूफटॉप	3
रेक्टर	3
रेखामुनि	3
रेनुका	3
रेनो	3
रेमिट	3
रेयान	3
रेलवेद्वारा	3
रेलहरूको	3
रेल्वे	3
रेशमलाई	3
रेष्टुरेन्टलाई	3
रेसमा	3
रेसियोमा	3
रेस्टुरेन्ट	3
रेस्टुरेन्टहरू	3
रोकथामको	3
रोकिएपछि	3
रोको	3
रोगका	3
रोजगारको	3
रोजगारमन्त्री	3
रोजेकी	3
रोडका	3
रोडलाई	3
रोपाइँको	3
रोपेको	3
रोपेर	3
रोबर्टो	3
रोबोटिक्स	3
रोमान्स	3
रोमी	3
रोयटर्सलाई	3
रोहतक	3
रोहन	3
रौतहटका	3
र्यालीका	3
लक्षम	3
लक्ष्मणलाल	3
लक्ष्यलाई	3
लक्सम	3
लखपति	3
लगनखेलस्थित	3
लगनशीलताका	3
लगाइन्	3
लगाइरहेका	3
लगाई	3
लगाउँछन्	3
लगाउँदा	3
लगाउनुपर्छ	3
लगाउनुभयो	3
लगाउनेछन्	3
लगानीकर्ताहरूले	3
लगायतको	3
लगिएकोमा	3
लज्जाजनक	3
लट	3
लडाकुहरूले	3
लडिरहेको	3
लडेकी	3
लड्नेछ	3
लत	3
लतबाट	3
लबिम	3
लभ्ली	3
लरेन्सले	3
ललितकला	3
लसुन	3
लाइटिङ	3
लाइनहरू	3
लाउन्जमा	3
लाउन्ड्रिङको	3
लाओस	3
लाओसले	3
लाखसम्म	3
लागुऔषधको	3
लागूपदार्थको	3
लागेकी	3
लाग्नुपर्ने	3
लाचार	3
लात	3
लाभग्राहीहरूलाई	3
लाभप्रद	3
लामरले	3
लामाका	3
लामिछानेसहित	3
लाल	3
लालकृष्ण	3
लालजी	3
लालबाबु	3
लालुप्रसाद	3
लास	3
लिइएका	3
लिई	3
लिगअन्तर्गत	3
लिज	3
लिडर	3
लिनको	3
लिपिबद्ध	3
लिबर्टाडोरेस	3
लिबर्टी	3
लिम्बुले	3
लिलामीका	3
लिलामीमा	3
लीला	3
लीलामणि	3
लुईस	3
लुईसको	3
लुकाएको	3
लुकेका	3
लुन्डले	3
लुसी	3
लेखापरीक्षणको	3
लेखेर	3
लेख्छन्	3
लेडिज	3
लेनदेनलाई	3
लेनदेनहरू	3
लेबनानमा	3
लेबलमा	3
लैंगिक	3
लैंड्स	3
लोकशाही	3
लोकसेवा	3
लोगो	3
लोपोन्मुख	3
लौटता	3
ल्याउँछ	3
ल्याउनका	3
ल्याउनुअघि	3
ल्याउनुपर्छ	3
ल्याएपछि	3
ल्याक्रोइक्स	3
ल्यान्डफिल	3
ल्याबको	3
ल्याबमा	3
ल्याबले	3
ल्हासामा	3
वंचित	3
वकिलसँग	3
वकिलहरूलाई	3
वटामा	3
वडाले	3
वडोदरामा	3
वनस्थलीमा	3
वन्दना	3
वफादार	3
वरदान	3
वरपरको	3
वरिन्दर	3
वरिपरिका	3
वरिष्ठता	3
वर्गलाई	3
वर्जित	3
वर्ली	3
वर्ल्डका	3
वर्षबाट	3
वर्षमाथिका	3
वर्षमाथिको	3
वर्षौंसम्म	3
वर्सोवा	3
वलीलाई	3
वसन्तकुमार	3
वसन्तपुर	3
वसन्तराज	3
वहन	3
वाकाथन	3
वाग्लेविरुद्ध	3
वातावरणमन्त्री	3
वातावरणलाई	3
वादी	3
वानमा	3
वापस	3
वार्ताका	3
वार्नरले	3
वाशिम	3
वासुदेव	3
वास्ता	3
वाहक	3
विकल्पका	3
विकल्पमा	3
विकासकर्ता	3
विकृत	3
विकेन्द्रीकृत	3
विघटन	3
विचलित	3
विचारणीय	3
विचारले	3
विचारविमर्श	3
विजयले	3
विजालीको	3
विजेताका	3
विजेताहरूलाई	3
विज्ञका	3
विदरस्पूनले	3
विदर्भमा	3
विदेशका	3
विद्यार्थीमध्ये	3
विद्यार्थीमा	3
विद्यार्थीहरूका	3
विद्यालयहरूलाई	3
विद्रोही	3
विधाको	3
विधानसभालाई	3
विधायकका	3
विधायकमध्ये	3
विधायकविरुद्ध	3
विधायकहरूसँग	3
विधिमा	3
विधिवत्	3
विधेयकहरू	3
विध्वंसको	3
विनय	3
विनयमोहन	3
विनिर्माण	3
विन्डो	3
विन्दु	3
विपक्षीलाई	3
विपत्तिको	3
विभागअन्तर्गतको	3
विभेद	3
विमलप्रसाद	3
विराज	3
विराटनगरले	3
विरारको	3
विर्ता	3
विलासिताको	3
विलासी	3
विलियम्सन	3
विलियम्सनले	3
विलियम्सले	3
विवाहका	3
विवेकाधीन	3
विशालविक्रम	3
विशिष्टीकृत	3
विशुद्ध	3
विशेषज्ञलाई	3
विशेषज्ञहरूको	3
विशेषज्ञहरूले	3
विशेषताहरु	3
विश्लेषक	3
विश्वकर्मालाई	3
विश्वप्रसिद्ध	3
विश्वबाबु	3
विश्वभरि	3
विश्वले	3
विश्वविद्यालयहरू	3
विश्वसनीयता	3
विश्वस्तरमा	3
विश्वासघातका	3
विषयवस्तु	3
विषयवस्तुमा	3
विस्तारमा	3
विस्थापनको	3
विस्फोटक	3
विस्फोटको	3
विहारमा	3
वीरगञ्जको	3
वीरेन्द्रनगर	3
वुमेन्स	3
वृद्धवृद्धा	3
वृद्धिदरको	3
वेंकटेश	3
वेबसाइटमार्फत	3
वेबसाइटले	3
वेलरासुले	3
वेस्टको	3
वैद्यको	3
वैधता	3
वैश्विक	3
व्यक्तित्वका	3
व्यक्तित्वहरू	3
व्यक्तिहरूका	3
व्यक्तिहरूमा	3
व्यक्तिहरूविरुद्ध	3
व्यग्र	3
व्ययको	3
व्यवधान	3
व्यवसायहरू	3
व्यवस्थापक	3
व्यवस्थामा	3
व्यवस्थाले	3
व्यवहार्यता	3
व्यापारीहरूले	3
शकुन्तला	3
शङ्करमान	3
शय्याको	3
शरण	3
शर्ट	3
शर्तको	3
शवदाह	3
शशाङ्क	3
शहरलाई	3
शहिद	3
शाक्यका	3
शान्ता	3
शान्तिको	3
शान्तिमा	3
शार्क	3
शालिकमा	3
शालिकराम	3
शासक	3
शासनले	3
शिकायत	3
शिकायतकर्ता	3
शिक्षाका	3
शिन्देलाई	3
शिमरोन	3
शिर	3
शिरुर	3
शिलफाटा	3
शिवम	3
शिवमाया	3
शिवसताक्षी	3
शिवसेनाका	3
शिविरहरू	3
शीतलहर	3
शुक्रबारबसेको	3
शुद्धिकरण	3
शुल्कसमेत	3
शूट	3
शृंखलाको	3
शृङ्खलामा	3
शेन	3
शेयरधनीलाई	3
शेली	3
शैलेन्द्रप्रसाद	3
शोभाकर	3
शोषणबाट	3
श्रद्धांजलि	3
श्रीनिवासलाई	3
श्रीमतीका	3
श्रीरामको	3
श्रीलंकाका	3
श्रीलंकाकी	3
श्रीलङ्काकी	3
श्रीलङ्काबीच	3
श्रेणीअन्तर्गत	3
श्रेणीहरूको	3
श्वासप्रश्वासमा	3
श्वेता	3
षडयन्त्रमा	3
संकटपछि	3
संकटले	3
संगठनहरूले	3
संगतले	3
संगरुरका	3
संगरूर	3
संचारकर्मी	3
संचालनमा	3
संचेती	3
संजोग	3
संज्ञानमा	3
संप्रग	3
संबंधित	3
संरचनाअनुसार	3
संरचनाका	3
संरचनात्मक	3
संलग्नतामा	3
संविधानका	3
संशोधनमाथि	3
संशोधनसँगै	3
संशोधनहरू	3
संसदका	3
संस्करणहरूको	3
संस्कार	3
संस्थानमा	3
संस्थानलाई	3
संस्थानहरूको	3
संस्थाहरुले	3
संस्थाहरूबाट	3
संस्थाहरूसँग	3
सकिएलगत्तै	3
सकिनुभन्दा	3
सकेनौं	3
सकोस्	3
सक्छिन्	3
सक्रियताका	3
सखाप	3
सख्त	3
सङ्कलनमा	3
सङ्कलित	3
सङ्क्रमणकालीन	3
सङ्क्रमितको	3
सङ्क्रामक	3
सङ्गीताले	3
सङ्ग्रहालय	3
सङ्ग्रहालयको	3
सङ्घमा	3
सङ्घसंस्थाले	3
सङ्घीयताको	3
सङ्घीयतालाई	3
सचिवस्तरीय	3
सचिवहरूको	3
सचिवालयलाई	3
सचेतनाका	3
सजायको	3
सञ्चारकर्मी	3
सञ्चारमाध्यममा	3
सञ्चालकका	3
सञ्चितिमध्ये	3
सञ्जयकुमार	3
सञ्जयराज	3
सञ्जयसिंह	3
सञ्जाललाई	3
सञ्जेल	3
सट्टेबाजीमा	3
सडकबाट	3
सड़क	3
सतर्क	3
सतहबाट	3
सताराबाट	3
सत्ताधारी	3
सत्ताविरोधी	3
सत्रहरूको	3
सदस्यहरूबाट	3
सन्जोग	3
सन्देशको	3
सन्देशखालीमा	3
सपिङ	3
सप्तकोशी	3
सप्ताह	3
सप्ताहव्यापी	3
सफलताका	3
सफ्ट	3
सबस्टेसनमा	3
सबेरै	3
सभापतिको	3
सभापतिमा	3
सभामुखलाई	3
सभाहरू	3
सभाहलमा	3
समता	3
समयदेखिका	3
समयसीमाभित्र	3
समयावधिभित्र	3
समर्थकका	3
समर्थकमा	3
समर्थकलाई	3
समर्थकसँग	3
समलिंगी	3
समस्याले	3
समाजवादको	3
समाजशास्त्र	3
समाधानको	3
समाप्तिमा	3
समितिसँग	3
समितिहरू	3
समुदायहरूको	3
समुद्रमुनिको	3
समूहमध्ये	3
समूहहरूलाई	3
समेटिएको	3
समेटिनेछ	3
समेटेका	3
सम्झौताबाट	3
सम्झौतासँगै	3
सम्पत्तिका	3
सम्पादक	3
सम्बन्धविच्छेदको	3
सम्बोधनका	3
सम्भाजी	3
सम्भावनाको	3
सम्भावनाबारे	3
सम्भाव्य	3
सम्मानको	3
सम्राट	3
सम्हालिरहेका	3
सम्हाल्नुभएका	3
सयाजी	3
सयौंको	3
सरकारमाथि	3
सरकारसमक्ष	3
सरसफाइमन्त्री	3
सरह	3
सरहका	3
सरोकारवालाहरुले	3
सर्कस	3
सर्कुलर	3
सर्कुलरअनुसार	3
सर्च	3
सर्टिफिकेसन	3
सर्ने	3
सर्भिलेन्स	3
सर्भिसेजमा	3
सर्भिसेस	3
सर्भेका	3
सर्वंकरलाई	3
सर्वविदित	3
सर्वोच्चअदालतले	3
सल्लाहअनुसार	3
सल्लाहकारमा	3
सविन	3
सशक्तीकरणका	3
सस	3
ससुराको	3
सस्तैमा	3
सस्तोमा	3
सहअध्यक्षमा	3
सहजता	3
सहजीकरणका	3
सहभागिताबारे	3
सहभागीलाई	3
सहभागीले	3
सहमतिको	3
सहमतिबारे	3
सहयात्रीले	3
सहयोगप्रति	3
सहयोगबाट	3
सहयोगलाई	3
सहयोगीहरू	3
सहसचिवको	3
सहसचिवस्तरीय	3
सहाय	3
सहायताले	3
सहिष्णुता	3
साँझसम्ममा	3
साँवा	3
सांगीतिक	3
सांसदमा	3
साइटहरूमा	3
साइरस	3
साइलीले	3
साउण्ड	3
साउनमा	3
सागका	3
सागरकुमार	3
साझाका	3
साझाले	3
साझेदारको	3
साझेदारसँग	3
साताभन्दा	3
साथीहरूलाई	3
साधनले	3
साधारणसभाले	3
सान	3
सानुकुमार	3
सानेले	3
सान्टाक्रुज	3
सान्तोस	3
साफको	3
साबर	3
सामग्रीसहित	3
सामग्रीहरूको	3
सामसङले	3
सामानहरू	3
सामुन्ने	3
साम्पाङ	3
साम्बा	3
सार्कका	3
सालिक	3
साल्भी	3
सावन्त	3
सावित्रीबाई	3
सासवडको	3
साहका	3
साहिल	3
साहु	3
साहेब	3
सिँढी	3
सिंक	3
सिंगापुरसँग	3
सिंचाई	3
सिंहभन्दा	3
सिंहविरुद्ध	3
सिआइबीका	3
सिकाइ	3
सिकाइएको	3
सिकाइन्छ	3
सिक्री	3
सिग्देलले	3
सिग्नेचर	3
सिङ्गापुरमा	3
सिटहरू	3
सिटिजन्स	3
सिटीलाई	3
सिडकोका	3
सिडकोले	3
सिद्धान्तमा	3
सिद्धान्तलाई	3
सिद्धूविरुद्ध	3
सिधाना	3
सिन्धु	3
सिन्धुली	3
सिन्धुलीको	3
सिम्खडाले	3
सिम्बायोसिस	3
सिरहाका	3
सिरिकितको	3
सिरी	3
सिलिण्डरमा	3
सिसा	3
सिसाको	3
सिसी	3
सिस्टमलाई	3
सीआईएसएफका	3
सीआर	3
सीआरजेड	3
सीआरपीसीको	3
सीईएस	3
सीएचसीएलले	3
सीएसआर	3
सीजे	3
सीजेआईले	3
सीटहरूमा	3
सीटीयूले	3
सीतापुर	3
सीतारमणको	3
सीपमा	3
सीपीआर	3
सीबीआईका	3
सीबीएसले	3
सीमान्त	3
सीमाबाट	3
सीमालाई	3
सीमाले	3
सुक्खा	3
सुखबीर	3
सुख्खायाममा	3
सुगठन	3
सुजित	3
सुझाएका	3
सुझावसहितको	3
सुटआउटमार्फत	3
सुटिङका	3
सुतिरहेकी	3
सुत्ने	3
सुदूर	3
सुनले	3
सुनसरी	3
सुनाउँदै	3
सुनाए	3
सुनापति	3
सुनारको	3
सुनियोजित	3
सुनुवारलाई	3
सुपरमार्केटका	3
सुपरस्टारबाट	3
सुपरीवेक्षण	3
सुपारी	3
सुबेग	3
सुम्पिएको	3
सुरंग	3
सुरक्षाकर्मीलाई	3
सुरतको	3
सुरतमा	3
सुरुको	3
सुरुङमार्फत	3
सुरुवातको	3
सुर्खेतका	3
सुलेमान	3
सुल्झाउन	3
सुवान	3
सुव्यवस्था	3
सुसन	3
सुहरावर्दी	3
सुहास	3
सूचनाका	3
सूचनालाई	3
सूचिकृत	3
सूट	3
सूर्यको	3
सेक्टरमा	3
सेक्युलर	3
सेक्योर	3
सेक्रेट	3
सेक्शन	3
सेजमा	3
सेटको	3
सेटिङमा	3
सेनगुप्ताले	3
सेनाकी	3
सेन्चुरी	3
सेमिनारहरू	3
सेयरको	3
सेरेब्रल	3
सेलको	3
सेवाग्राहीसँग	3
सेवानिवृत्तिको	3
सेवाले	3
सेसेहाङ	3
सै	3
सैनिकको	3
सैनिकलाई	3
सैली	3
सोख	3
सोचमा	3
सोचेका	3
सोच्ने	3
सोधें	3
सोध्नुभयो	3
सोनम	3
सोनियाले	3
सोनीपत	3
सोफिया	3
सोभियत	3
सोमु	3
सोयाबिन	3
सोलुखुम्बुको	3
सोलुसन्स	3
सोल्भेन्ट	3
सौदा	3
सौम्या	3
सौर	3
स्कटल्याण्डका	3
स्कटल्याण्डको	3
स्कुलका	3
स्कुलमा	3
स्कुले	3
स्कूलबाट	3
स्कूलों	3
स्केटिङ	3
स्केलको	3
स्केलमा	3
स्केलेबल	3
स्कोरको	3
स्कोरमा	3
स्क्यानरले	3
स्टर्न	3
स्टलमा	3
स्टाइल	3
स्टाइल्स	3
स्टाफलाई	3
स्टार्क	3
स्टेकको	3
स्टेड	3
स्टेडियम	3
स्टेफनी	3
स्टेम	3
स्टेशनभित्र	3
स्टेशनसँग	3
स्टेशनहरूको	3
स्टोइनिसको	3
स्टोरका	3
स्ट्रक्चरल	3
स्ट्रिमिङ	3
स्ट्रिमिङका	3
स्ट्रेचको	3
स्थलहरूमा	3
स्थानबारे	3
स्थानहरूबाट	3
स्थानान्तरणका	3
स्थानीयको	3
स्थानीयबासिन्दाले	3
स्थायित्व	3
स्थिरीकरण	3
स्पष्टता	3
स्पाइसजेटका	3
स्पिड	3
स्पिन	3
स्पीच	3
स्पीड	3
स्पेनिश	3
स्पेयर	3
स्पेशल	3
स्माइल	3
स्मिता	3
स्मीयर	3
स्मोग	3
स्याटरडे	3
स्याटेलाइट	3
स्रोतसाधनको	3
स्लट	3
स्लिपिङ	3
स्वघोषित	3
स्वच्छता	3
स्वयंले	3
स्वयंसेवकको	3
स्वयंसेवकहरू	3
स्वयंसेवकहरूले	3
स्वर्णकान्त	3
स्वर्णसहित	3
स्वर्णिम	3
स्वागतयोग्य	3
स्वारगेटसम्मको	3
स्वार्थ	3
स्वास्थ्यकर्मीहरू	3
स्वास्थ्यकर्मीहरूको	3
स्वास्थ्यमन्त्रीसँग	3
स्विट्जरल्याण्डमा	3
स्वीडेन	3
स्वेच्छिक	3
स्वैच्छिक	3
स्वैनको	3
हंसराज	3
हकका	3
हङकङका	3
हटाउनुपर्ने	3
हटाएका	3
हटायो	3
हट्न	3
हडतालको	3
हडतालमा	3
हडपसर	3
हड्ताल	3
हत्यारा	3
हप्काउनु	3
हप्ताअघि	3
हप्ताभन्दा	3
हबका	3
हबमा	3
हबिबुर	3
हमास	3
हमासको	3
हरदेव	3
हरमनप्रीत	3
हरमीत	3
हरसम्भव	3
हरारेमा	3
हरिकेन्सका	3
हरिबहादुर	3
हरिबोल	3
हरेगा	3
हर्कबहादुर	3
हर्षद	3
हर्षल	3
हर्षोल्लासका	3
हलको	3
हलिउडमा	3
हल्लाको	3
हल्ली	3
हवल्दारको	3
हस्तक्षेपका	3
हस्तनिर्मित	3
हाइकमाण्डलाई	3
हाइड	3
हाछेथुले	3
हातले	3
हात्तीहरू	3
हानका	3
हारसँगै	3
हावड़ा	3
हास्यव्यङ्ग्य	3
हास्यास्पद	3
हिँडिरहेको	3
हिंड्न	3
हिउँले	3
हिचकिचाहट	3
हितलाई	3
हिद्दुर	3
हिन्दुस्तान	3
हिमालयनका	3
हिरा	3
हिरेन	3
हिल्सको	3
हिस्सेदारी	3
हुकको	3
हुगलीको	3
हुनुअगावै	3
हुनुपर्नेछ	3
हुनुभयो	3
हुनुहुन्न	3
हुनेबित्तिकै	3
हुनेवाला	3
हुन्छौं	3
हुन्थ्यो	3
हुमागाईं	3
हूं	3
हृदयमा	3
हृदयाघातका	3
हेटमायरले	3
हेटौडा	3
हेमा	3
हेयर	3
हेरेर	3
हेर्नेछौं	3
हेलिकप्टरको	3
हेलिकप्टरमार्फत	3
हैदराबादी	3
हैदरावादले	3
होटेलमा	3
होडमा	3
होबार्ट	3
होसियार	3
होस्टल	3
होस्टलको	3
हौसला	3
ह्यान्डलमा	3
ह्याप्पी	3
ह्यामिल्टन	3
ह्रास	3
ह्विप	3
िएको	3
्गिएका	3
्गिएर	3
१०६	3
१२२	3
१२४	3
१२९	3
१४४	3
१६१	3
१६९	3
१८१	3
१८६	3
१९३	3
१९५	3
१९५७	3
१९६८	3
१९८२	3
१९८६	3
१९९६	3
२०३	3
२०४५	3
२०५२	3
२०७१	3
२१३	3
२२७	3
२३२	3
२३६	3
२३७	3
२३८	3
२४३	3
२५३	3
२५६	3
२५८	3
२६०	3
२६२	3
२६९	3
२७९	3
२८६	3
२९९	3
३०१	3
३०३	3
३०७	3
३१२	3
३३५	3
३३६	3
३३८	3
३५८	3
३५९	3
३८२	3
३८७	3
३९२	3
४१३	3
४२२	3
४२३	3
४३६	3
४४०	3
४४२	3
४४५	3
४४७	3
४५३	3
४७०	3
४७५	3
४७६	3
४९५	3
४९८	3
५२०	3
५२३	3
५४४	3
५५२	3
५५६	3
५७०	3
६०१	3
६०४	3
६४३	3
६५८	3
६६५	3
६६७	3
६७८	3
६९३	3
६९५	3
६९६	3
७२७	3
७५५	3
७६१	3
७७४	3
७७५	3
८११	3
८२५	3
८३२	3
८३४	3
८३९	3
८४९	3
८५३	3
८५५	3
८८१	3
८९९	3
९१६	3
९३४	3
९५३	3
९५४	3
९८३	3
९९०	3
९९९	3
